"title","start_time","end_time","description","exercise_title","superset_id","exercise_notes","set_index","set_type","weight_lbs","reps","distance_miles","duration_seconds","rpe"
"üçë","22 Jul 2025, 17:21","22 Jul 2025, 17:58","","Hip Thrust (Barbell)",,"",0,"normal",180,8,,,
"üçë","22 Jul 2025, 17:21","22 Jul 2025, 17:58","","Hip Thrust (Barbell)",,"",1,"normal",180,8,,,
"üçë","22 Jul 2025, 17:21","22 Jul 2025, 17:58","","Hip Thrust (Barbell)",,"",2,"normal",180,8,,,
"üçë","22 Jul 2025, 17:21","22 Jul 2025, 17:58","","Leg Press (Machine)",,"",0,"warmup",180,8,,,
"üçë","22 Jul 2025, 17:21","22 Jul 2025, 17:58","","Leg Press (Machine)",,"",1,"normal",270,8,,,
"üçë","22 Jul 2025, 17:21","22 Jul 2025, 17:58","","Leg Press (Machine)",,"",2,"normal",270,8,,,
"üçë","22 Jul 2025, 17:21","22 Jul 2025, 17:58","","Leg Press (Machine)",,"",3,"normal",270,8,,,
"üçë","22 Jul 2025, 17:21","22 Jul 2025, 17:58","","Calf Press (Machine)",,"",0,"normal",430,10,,,
"üçë","22 Jul 2025, 17:21","22 Jul 2025, 17:58","","Calf Press (Machine)",,"",1,"normal",430,10,,,
"üçë","22 Jul 2025, 17:21","22 Jul 2025, 17:58","","Calf Press (Machine)",,"",2,"normal",430,10,,,
"üçë","22 Jul 2025, 17:21","22 Jul 2025, 17:58","","Seated Leg Curl (Machine)",,"",0,"normal",90,8,,,
"üçë","22 Jul 2025, 17:21","22 Jul 2025, 17:58","","Seated Leg Curl (Machine)",,"",1,"normal",90,8,,,
"üçë","22 Jul 2025, 17:21","22 Jul 2025, 17:58","","Seated Leg Curl (Machine)",,"",2,"normal",90,6,,,
"üçë","22 Jul 2025, 17:21","22 Jul 2025, 17:58","","Hip Adduction (Machine)",,"",0,"normal",90,10,,,
"üçë","22 Jul 2025, 17:21","22 Jul 2025, 17:58","","Hip Adduction (Machine)",,"",1,"normal",90,10,,,
"üçë","22 Jul 2025, 17:21","22 Jul 2025, 17:58","","Bulgarian Split Squat",,"",0,"normal",22.5,8,,,
"üçë","22 Jul 2025, 17:21","22 Jul 2025, 17:58","","Bulgarian Split Squat",,"",1,"normal",22.5,8,,,
"üçë","22 Jul 2025, 17:21","22 Jul 2025, 17:58","","Bulgarian Split Squat",,"",2,"normal",22.5,8,,,
"üçë","22 Jul 2025, 17:21","22 Jul 2025, 17:58","","Romanian Deadlift (Dumbbell)",,"",0,"normal",35,8,,,
"üçë","22 Jul 2025, 17:21","22 Jul 2025, 17:58","","Romanian Deadlift (Dumbbell)",,"",1,"normal",35,8,,,
"üçë","22 Jul 2025, 17:21","22 Jul 2025, 17:58","","Romanian Deadlift (Dumbbell)",,"",2,"normal",35,8,,,
"sisyphus fr","21 Jul 2025, 16:34","21 Jul 2025, 17:12","","Shoulder Press (Dumbbell)",,"",0,"normal",35,8,,,
"sisyphus fr","21 Jul 2025, 16:34","21 Jul 2025, 17:12","","Shoulder Press (Dumbbell)",,"",1,"normal",35,8,,,
"sisyphus fr","21 Jul 2025, 16:34","21 Jul 2025, 17:12","","Shoulder Press (Dumbbell)",,"",2,"normal",35,8,,,
"sisyphus fr","21 Jul 2025, 16:34","21 Jul 2025, 17:12","","Bench Press (Dumbbell)",,"",0,"normal",45,8,,,
"sisyphus fr","21 Jul 2025, 16:34","21 Jul 2025, 17:12","","Bench Press (Dumbbell)",,"",1,"normal",45,8,,,
"sisyphus fr","21 Jul 2025, 16:34","21 Jul 2025, 17:12","","Bench Press (Dumbbell)",,"",2,"normal",45,8,,,
"sisyphus fr","21 Jul 2025, 16:34","21 Jul 2025, 17:12","","Skullcrusher (Dumbbell)",,"",0,"normal",22.5,10,,,
"sisyphus fr","21 Jul 2025, 16:34","21 Jul 2025, 17:12","","Skullcrusher (Dumbbell)",,"",1,"normal",22.5,10,,,
"sisyphus fr","21 Jul 2025, 16:34","21 Jul 2025, 17:12","","Skullcrusher (Dumbbell)",,"",2,"failure",22.5,10,,,
"sisyphus fr","21 Jul 2025, 16:34","21 Jul 2025, 17:12","","Lateral Raise (Dumbbell)",0,"",0,"normal",22.5,10,,,
"sisyphus fr","21 Jul 2025, 16:34","21 Jul 2025, 17:12","","Lateral Raise (Dumbbell)",0,"",1,"normal",22.5,10,,,
"sisyphus fr","21 Jul 2025, 16:34","21 Jul 2025, 17:12","","Lateral Raise (Dumbbell)",0,"",2,"normal",22.5,10,,,
"sisyphus fr","21 Jul 2025, 16:34","21 Jul 2025, 17:12","","Shrug (Dumbbell)",0,"",0,"normal",50,10,,,
"sisyphus fr","21 Jul 2025, 16:34","21 Jul 2025, 17:12","","Shrug (Dumbbell)",0,"",1,"normal",50,10,,,
"sisyphus fr","21 Jul 2025, 16:34","21 Jul 2025, 17:12","","Shrug (Dumbbell)",0,"",2,"normal",50,10,,,
"sisyphus fr","21 Jul 2025, 16:34","21 Jul 2025, 17:12","","Triceps Extension (Cable)",,"",0,"normal",20,8,,,
"sisyphus fr","21 Jul 2025, 16:34","21 Jul 2025, 17:12","","Triceps Extension (Cable)",,"",1,"normal",20,8,,,
"sisyphus fr","21 Jul 2025, 16:34","21 Jul 2025, 17:12","","Triceps Extension (Cable)",,"",2,"normal",20,8,,,
"sisyphus fr","21 Jul 2025, 16:34","21 Jul 2025, 17:12","","Cable Fly Crossovers",,"",0,"normal",25,8,,,
"sisyphus fr","21 Jul 2025, 16:34","21 Jul 2025, 17:12","","Cable Fly Crossovers",,"",1,"normal",25,10,,,
"sisyphus fr","21 Jul 2025, 16:34","21 Jul 2025, 17:12","","Cable Fly Crossovers",,"",2,"normal",25,10,,,
"ü¶æ","16 Jul 2025, 18:05","16 Jul 2025, 18:42","","Back Extension (Weighted Hyperextension)",,"",0,"normal",35,8,,,
"ü¶æ","16 Jul 2025, 18:05","16 Jul 2025, 18:42","","Back Extension (Weighted Hyperextension)",,"",1,"normal",35,8,,,
"ü¶æ","16 Jul 2025, 18:05","16 Jul 2025, 18:42","","Back Extension (Weighted Hyperextension)",,"",2,"normal",35,8,,,
"ü¶æ","16 Jul 2025, 18:05","16 Jul 2025, 18:42","","Bicep Curl (Dumbbell)",,"",0,"normal",35,8,,,
"ü¶æ","16 Jul 2025, 18:05","16 Jul 2025, 18:42","","Bicep Curl (Dumbbell)",,"",1,"normal",35,6,,,
"ü¶æ","16 Jul 2025, 18:05","16 Jul 2025, 18:42","","Bicep Curl (Dumbbell)",,"",2,"failure",35,4,,,
"ü¶æ","16 Jul 2025, 18:05","16 Jul 2025, 18:42","","Lat Pulldown (Cable)",,"",0,"normal",100,10,,,
"ü¶æ","16 Jul 2025, 18:05","16 Jul 2025, 18:42","","Lat Pulldown (Cable)",,"",1,"normal",100,10,,,
"ü¶æ","16 Jul 2025, 18:05","16 Jul 2025, 18:42","","Lat Pulldown (Cable)",,"",2,"normal",100,10,,,
"ü¶æ","16 Jul 2025, 18:05","16 Jul 2025, 18:42","","Seated Cable Row - V Grip (Cable)",,"",0,"normal",120,8,,,
"ü¶æ","16 Jul 2025, 18:05","16 Jul 2025, 18:42","","Seated Cable Row - V Grip (Cable)",,"",1,"normal",120,8,,,
"ü¶æ","16 Jul 2025, 18:05","16 Jul 2025, 18:42","","Seated Cable Row - V Grip (Cable)",,"",2,"normal",120,8,,,
"ü¶æ","16 Jul 2025, 18:05","16 Jul 2025, 18:42","","Face Pull",,"",0,"normal",57.5,10,,,
"ü¶æ","16 Jul 2025, 18:05","16 Jul 2025, 18:42","","Face Pull",,"",1,"normal",57.5,10,,,
"ü¶æ","16 Jul 2025, 18:05","16 Jul 2025, 18:42","","Face Pull",,"",2,"normal",57.5,10,,,
"ü¶æ","16 Jul 2025, 18:05","16 Jul 2025, 18:42","","Dumbbell Row",,"",0,"normal",45,8,,,
"ü¶æ","16 Jul 2025, 18:05","16 Jul 2025, 18:42","","Dumbbell Row",,"",1,"normal",45,8,,,
"ü¶æ","16 Jul 2025, 18:05","16 Jul 2025, 18:42","","Dumbbell Row",,"",2,"normal",45,8,,,
"ü¶æ","16 Jul 2025, 18:05","16 Jul 2025, 18:42","","Seated Incline Curl (Dumbbell)",,"",0,"normal",20,8,,,
"ü¶æ","16 Jul 2025, 18:05","16 Jul 2025, 18:42","","Seated Incline Curl (Dumbbell)",,"",1,"normal",20,8,,,
"ü¶æ","16 Jul 2025, 18:05","16 Jul 2025, 18:42","","Seated Incline Curl (Dumbbell)",,"",2,"dropset",20,8,,,
"üçë","15 Jul 2025, 16:50","15 Jul 2025, 17:29","","Hip Thrust (Barbell)",,"",0,"normal",180,8,,,
"üçë","15 Jul 2025, 16:50","15 Jul 2025, 17:29","","Hip Thrust (Barbell)",,"",1,"normal",180,8,,,
"üçë","15 Jul 2025, 16:50","15 Jul 2025, 17:29","","Hip Thrust (Barbell)",,"",2,"normal",180,8,,,
"üçë","15 Jul 2025, 16:50","15 Jul 2025, 17:29","","Leg Press (Machine)",,"",0,"warmup",180,8,,,
"üçë","15 Jul 2025, 16:50","15 Jul 2025, 17:29","","Leg Press (Machine)",,"",1,"normal",270,8,,,
"üçë","15 Jul 2025, 16:50","15 Jul 2025, 17:29","","Leg Press (Machine)",,"",2,"normal",270,8,,,
"üçë","15 Jul 2025, 16:50","15 Jul 2025, 17:29","","Leg Press (Machine)",,"",3,"normal",270,8,,,
"üçë","15 Jul 2025, 16:50","15 Jul 2025, 17:29","","Calf Press (Machine)",,"",0,"normal",430,10,,,
"üçë","15 Jul 2025, 16:50","15 Jul 2025, 17:29","","Calf Press (Machine)",,"",1,"normal",430,10,,,
"üçë","15 Jul 2025, 16:50","15 Jul 2025, 17:29","","Calf Press (Machine)",,"",2,"normal",430,10,,,
"üçë","15 Jul 2025, 16:50","15 Jul 2025, 17:29","","Seated Leg Curl (Machine)",,"",0,"normal",90,8,,,
"üçë","15 Jul 2025, 16:50","15 Jul 2025, 17:29","","Seated Leg Curl (Machine)",,"",1,"normal",90,8,,,
"üçë","15 Jul 2025, 16:50","15 Jul 2025, 17:29","","Seated Leg Curl (Machine)",,"",2,"normal",90,6,,,
"üçë","15 Jul 2025, 16:50","15 Jul 2025, 17:29","","Hip Adduction (Machine)",,"",0,"normal",90,10,,,
"üçë","15 Jul 2025, 16:50","15 Jul 2025, 17:29","","Hip Adduction (Machine)",,"",1,"normal",90,10,,,
"üçë","15 Jul 2025, 16:50","15 Jul 2025, 17:29","","Bulgarian Split Squat",,"",0,"normal",22.5,8,,,
"üçë","15 Jul 2025, 16:50","15 Jul 2025, 17:29","","Bulgarian Split Squat",,"",1,"normal",22.5,8,,,
"üçë","15 Jul 2025, 16:50","15 Jul 2025, 17:29","","Bulgarian Split Squat",,"",2,"normal",22.5,8,,,
"üçë","15 Jul 2025, 16:50","15 Jul 2025, 17:29","","Romanian Deadlift (Dumbbell)",,"",0,"normal",35,8,,,
"üçë","15 Jul 2025, 16:50","15 Jul 2025, 17:29","","Romanian Deadlift (Dumbbell)",,"",1,"normal",35,8,,,
"üçë","15 Jul 2025, 16:50","15 Jul 2025, 17:29","","Romanian Deadlift (Dumbbell)",,"",2,"normal",35,8,,,
"sisyphus fr","14 Jul 2025, 16:38","14 Jul 2025, 17:19","","Bench Press (Dumbbell)",,"",0,"normal",45,8,,,
"sisyphus fr","14 Jul 2025, 16:38","14 Jul 2025, 17:19","","Bench Press (Dumbbell)",,"",1,"normal",45,8,,,
"sisyphus fr","14 Jul 2025, 16:38","14 Jul 2025, 17:19","","Bench Press (Dumbbell)",,"",2,"normal",45,8,,,
"sisyphus fr","14 Jul 2025, 16:38","14 Jul 2025, 17:19","","Shoulder Press (Dumbbell)",,"",0,"normal",35,8,,,
"sisyphus fr","14 Jul 2025, 16:38","14 Jul 2025, 17:19","","Shoulder Press (Dumbbell)",,"",1,"normal",35,8,,,
"sisyphus fr","14 Jul 2025, 16:38","14 Jul 2025, 17:19","","Shoulder Press (Dumbbell)",,"",2,"normal",35,8,,,
"sisyphus fr","14 Jul 2025, 16:38","14 Jul 2025, 17:19","","Skullcrusher (Dumbbell)",,"",0,"normal",22.5,10,,,
"sisyphus fr","14 Jul 2025, 16:38","14 Jul 2025, 17:19","","Skullcrusher (Dumbbell)",,"",1,"normal",22.5,10,,,
"sisyphus fr","14 Jul 2025, 16:38","14 Jul 2025, 17:19","","Skullcrusher (Dumbbell)",,"",2,"failure",22.5,10,,,
"sisyphus fr","14 Jul 2025, 16:38","14 Jul 2025, 17:19","","Lateral Raise (Dumbbell)",0,"",0,"normal",22.5,10,,,
"sisyphus fr","14 Jul 2025, 16:38","14 Jul 2025, 17:19","","Lateral Raise (Dumbbell)",0,"",1,"normal",22.5,10,,,
"sisyphus fr","14 Jul 2025, 16:38","14 Jul 2025, 17:19","","Lateral Raise (Dumbbell)",0,"",2,"normal",22.5,10,,,
"sisyphus fr","14 Jul 2025, 16:38","14 Jul 2025, 17:19","","Shrug (Dumbbell)",0,"",0,"normal",50,10,,,
"sisyphus fr","14 Jul 2025, 16:38","14 Jul 2025, 17:19","","Shrug (Dumbbell)",0,"",1,"normal",50,10,,,
"sisyphus fr","14 Jul 2025, 16:38","14 Jul 2025, 17:19","","Shrug (Dumbbell)",0,"",2,"normal",50,10,,,
"sisyphus fr","14 Jul 2025, 16:38","14 Jul 2025, 17:19","","Triceps Extension (Cable)",,"",0,"normal",20,8,,,
"sisyphus fr","14 Jul 2025, 16:38","14 Jul 2025, 17:19","","Triceps Extension (Cable)",,"",1,"normal",20,8,,,
"sisyphus fr","14 Jul 2025, 16:38","14 Jul 2025, 17:19","","Triceps Extension (Cable)",,"",2,"normal",20,8,,,
"sisyphus fr","14 Jul 2025, 16:38","14 Jul 2025, 17:19","","Cable Fly Crossovers",,"",0,"normal",25,10,,,
"sisyphus fr","14 Jul 2025, 16:38","14 Jul 2025, 17:19","","Cable Fly Crossovers",,"",1,"normal",25,10,,,
"sisyphus fr","14 Jul 2025, 16:38","14 Jul 2025, 17:19","","Cable Fly Crossovers",,"",2,"normal",25,10,,,
"ü¶æ","10 Jul 2025, 16:42","10 Jul 2025, 17:21","","Back Extension (Weighted Hyperextension)",,"",0,"normal",35,8,,,
"ü¶æ","10 Jul 2025, 16:42","10 Jul 2025, 17:21","","Back Extension (Weighted Hyperextension)",,"",1,"normal",35,8,,,
"ü¶æ","10 Jul 2025, 16:42","10 Jul 2025, 17:21","","Back Extension (Weighted Hyperextension)",,"",2,"normal",35,8,,,
"ü¶æ","10 Jul 2025, 16:42","10 Jul 2025, 17:21","","Bicep Curl (Dumbbell)",,"",0,"normal",35,8,,,
"ü¶æ","10 Jul 2025, 16:42","10 Jul 2025, 17:21","","Bicep Curl (Dumbbell)",,"",1,"normal",35,8,,,
"ü¶æ","10 Jul 2025, 16:42","10 Jul 2025, 17:21","","Bicep Curl (Dumbbell)",,"",2,"failure",35,8,,,
"ü¶æ","10 Jul 2025, 16:42","10 Jul 2025, 17:21","","Lat Pulldown (Cable)",,"",0,"normal",100,10,,,
"ü¶æ","10 Jul 2025, 16:42","10 Jul 2025, 17:21","","Lat Pulldown (Cable)",,"",1,"normal",100,10,,,
"ü¶æ","10 Jul 2025, 16:42","10 Jul 2025, 17:21","","Lat Pulldown (Cable)",,"",2,"normal",100,10,,,
"ü¶æ","10 Jul 2025, 16:42","10 Jul 2025, 17:21","","Seated Cable Row - V Grip (Cable)",,"",0,"normal",120,8,,,
"ü¶æ","10 Jul 2025, 16:42","10 Jul 2025, 17:21","","Seated Cable Row - V Grip (Cable)",,"",1,"normal",120,8,,,
"ü¶æ","10 Jul 2025, 16:42","10 Jul 2025, 17:21","","Seated Cable Row - V Grip (Cable)",,"",2,"normal",120,8,,,
"ü¶æ","10 Jul 2025, 16:42","10 Jul 2025, 17:21","","Face Pull",,"",0,"normal",57.5,10,,,
"ü¶æ","10 Jul 2025, 16:42","10 Jul 2025, 17:21","","Face Pull",,"",1,"normal",57.5,10,,,
"ü¶æ","10 Jul 2025, 16:42","10 Jul 2025, 17:21","","Face Pull",,"",2,"normal",57.5,10,,,
"ü¶æ","10 Jul 2025, 16:42","10 Jul 2025, 17:21","","Dumbbell Row",,"",0,"normal",45,8,,,
"ü¶æ","10 Jul 2025, 16:42","10 Jul 2025, 17:21","","Dumbbell Row",,"",1,"normal",45,8,,,
"ü¶æ","10 Jul 2025, 16:42","10 Jul 2025, 17:21","","Dumbbell Row",,"",2,"normal",45,8,,,
"ü¶æ","10 Jul 2025, 16:42","10 Jul 2025, 17:21","","Seated Incline Curl (Dumbbell)",,"",0,"normal",20,8,,,
"ü¶æ","10 Jul 2025, 16:42","10 Jul 2025, 17:21","","Seated Incline Curl (Dumbbell)",,"",1,"normal",20,8,,,
"ü¶æ","10 Jul 2025, 16:42","10 Jul 2025, 17:21","","Seated Incline Curl (Dumbbell)",,"",2,"dropset",20,8,,,
"üçë","8 Jul 2025, 16:53","8 Jul 2025, 17:35","","Hip Thrust (Barbell)",,"",0,"normal",180,8,,,
"üçë","8 Jul 2025, 16:53","8 Jul 2025, 17:35","","Hip Thrust (Barbell)",,"",1,"normal",180,8,,,
"üçë","8 Jul 2025, 16:53","8 Jul 2025, 17:35","","Hip Thrust (Barbell)",,"",2,"normal",180,8,,,
"üçë","8 Jul 2025, 16:53","8 Jul 2025, 17:35","","Leg Press (Machine)",,"",0,"warmup",180,8,,,
"üçë","8 Jul 2025, 16:53","8 Jul 2025, 17:35","","Leg Press (Machine)",,"",1,"normal",270,8,,,
"üçë","8 Jul 2025, 16:53","8 Jul 2025, 17:35","","Leg Press (Machine)",,"",2,"normal",270,8,,,
"üçë","8 Jul 2025, 16:53","8 Jul 2025, 17:35","","Leg Press (Machine)",,"",3,"normal",270,8,,,
"üçë","8 Jul 2025, 16:53","8 Jul 2025, 17:35","","Calf Press (Machine)",,"",0,"normal",430,10,,,
"üçë","8 Jul 2025, 16:53","8 Jul 2025, 17:35","","Calf Press (Machine)",,"",1,"normal",430,10,,,
"üçë","8 Jul 2025, 16:53","8 Jul 2025, 17:35","","Calf Press (Machine)",,"",2,"normal",430,10,,,
"üçë","8 Jul 2025, 16:53","8 Jul 2025, 17:35","","Seated Leg Curl (Machine)",,"",0,"normal",90,8,,,
"üçë","8 Jul 2025, 16:53","8 Jul 2025, 17:35","","Seated Leg Curl (Machine)",,"",1,"normal",80,8,,,
"üçë","8 Jul 2025, 16:53","8 Jul 2025, 17:35","","Seated Leg Curl (Machine)",,"",2,"normal",80,8,,,
"üçë","8 Jul 2025, 16:53","8 Jul 2025, 17:35","","Hip Adduction (Machine)",,"",0,"normal",90,10,,,
"üçë","8 Jul 2025, 16:53","8 Jul 2025, 17:35","","Hip Adduction (Machine)",,"",1,"normal",90,10,,,
"üçë","8 Jul 2025, 16:53","8 Jul 2025, 17:35","","Bulgarian Split Squat",,"",0,"normal",22.5,8,,,
"üçë","8 Jul 2025, 16:53","8 Jul 2025, 17:35","","Bulgarian Split Squat",,"",1,"normal",22.5,8,,,
"üçë","8 Jul 2025, 16:53","8 Jul 2025, 17:35","","Bulgarian Split Squat",,"",2,"normal",22.5,8,,,
"üçë","8 Jul 2025, 16:53","8 Jul 2025, 17:35","","Romanian Deadlift (Dumbbell)",,"",0,"normal",35,8,,,
"üçë","8 Jul 2025, 16:53","8 Jul 2025, 17:35","","Romanian Deadlift (Dumbbell)",,"",1,"normal",35,8,,,
"üçë","8 Jul 2025, 16:53","8 Jul 2025, 17:35","","Romanian Deadlift (Dumbbell)",,"",2,"normal",35,8,,,
"sisyphus fr","7 Jul 2025, 16:45","7 Jul 2025, 17:23","","Incline Bench Press (Dumbbell)",,"",0,"normal",45,8,,,
"sisyphus fr","7 Jul 2025, 16:45","7 Jul 2025, 17:23","","Incline Bench Press (Dumbbell)",,"",1,"normal",45,8,,,
"sisyphus fr","7 Jul 2025, 16:45","7 Jul 2025, 17:23","","Incline Bench Press (Dumbbell)",,"",2,"normal",45,8,,,
"sisyphus fr","7 Jul 2025, 16:45","7 Jul 2025, 17:23","","Shoulder Press (Dumbbell)",,"",0,"normal",35,8,,,
"sisyphus fr","7 Jul 2025, 16:45","7 Jul 2025, 17:23","","Shoulder Press (Dumbbell)",,"",1,"normal",35,8,,,
"sisyphus fr","7 Jul 2025, 16:45","7 Jul 2025, 17:23","","Shoulder Press (Dumbbell)",,"",2,"normal",35,8,,,
"sisyphus fr","7 Jul 2025, 16:45","7 Jul 2025, 17:23","","Skullcrusher (Dumbbell)",,"",0,"normal",22.5,10,,,
"sisyphus fr","7 Jul 2025, 16:45","7 Jul 2025, 17:23","","Skullcrusher (Dumbbell)",,"",1,"normal",22.5,10,,,
"sisyphus fr","7 Jul 2025, 16:45","7 Jul 2025, 17:23","","Skullcrusher (Dumbbell)",,"",2,"failure",22.5,10,,,
"sisyphus fr","7 Jul 2025, 16:45","7 Jul 2025, 17:23","","Lateral Raise (Dumbbell)",0,"",0,"normal",25,8,,,
"sisyphus fr","7 Jul 2025, 16:45","7 Jul 2025, 17:23","","Lateral Raise (Dumbbell)",0,"",1,"normal",25,8,,,
"sisyphus fr","7 Jul 2025, 16:45","7 Jul 2025, 17:23","","Lateral Raise (Dumbbell)",0,"",2,"normal",25,8,,,
"sisyphus fr","7 Jul 2025, 16:45","7 Jul 2025, 17:23","","Shrug (Dumbbell)",0,"",0,"normal",45,10,,,
"sisyphus fr","7 Jul 2025, 16:45","7 Jul 2025, 17:23","","Shrug (Dumbbell)",0,"",1,"normal",45,12,,,
"sisyphus fr","7 Jul 2025, 16:45","7 Jul 2025, 17:23","","Shrug (Dumbbell)",0,"",2,"normal",45,12,,,
"sisyphus fr","7 Jul 2025, 16:45","7 Jul 2025, 17:23","","Triceps Extension (Cable)",,"",0,"normal",20,8,,,
"sisyphus fr","7 Jul 2025, 16:45","7 Jul 2025, 17:23","","Triceps Extension (Cable)",,"",1,"normal",25,8,,,
"sisyphus fr","7 Jul 2025, 16:45","7 Jul 2025, 17:23","","Triceps Extension (Cable)",,"",2,"normal",25,8,,,
"sisyphus fr","7 Jul 2025, 16:45","7 Jul 2025, 17:23","","Cable Fly Crossovers",,"",0,"normal",25,10,,,
"sisyphus fr","7 Jul 2025, 16:45","7 Jul 2025, 17:23","","Cable Fly Crossovers",,"",1,"normal",25,10,,,
"sisyphus fr","7 Jul 2025, 16:45","7 Jul 2025, 17:23","","Cable Fly Crossovers",,"",2,"normal",25,7,,,
"ü¶æ","25 Jun 2025, 17:30","25 Jun 2025, 18:09","","Back Extension (Weighted Hyperextension)",,"",0,"normal",35,8,,,
"ü¶æ","25 Jun 2025, 17:30","25 Jun 2025, 18:09","","Back Extension (Weighted Hyperextension)",,"",1,"normal",35,8,,,
"ü¶æ","25 Jun 2025, 17:30","25 Jun 2025, 18:09","","Back Extension (Weighted Hyperextension)",,"",2,"normal",35,8,,,
"ü¶æ","25 Jun 2025, 17:30","25 Jun 2025, 18:09","","Bicep Curl (Dumbbell)",,"",0,"normal",35,8,,,
"ü¶æ","25 Jun 2025, 17:30","25 Jun 2025, 18:09","","Bicep Curl (Dumbbell)",,"",1,"normal",35,8,,,
"ü¶æ","25 Jun 2025, 17:30","25 Jun 2025, 18:09","","Bicep Curl (Dumbbell)",,"",2,"failure",35,8,,,
"ü¶æ","25 Jun 2025, 17:30","25 Jun 2025, 18:09","","Lat Pulldown (Cable)",,"",0,"normal",100,10,,,
"ü¶æ","25 Jun 2025, 17:30","25 Jun 2025, 18:09","","Lat Pulldown (Cable)",,"",1,"normal",100,10,,,
"ü¶æ","25 Jun 2025, 17:30","25 Jun 2025, 18:09","","Lat Pulldown (Cable)",,"",2,"normal",100,10,,,
"ü¶æ","25 Jun 2025, 17:30","25 Jun 2025, 18:09","","Seated Cable Row - V Grip (Cable)",,"",0,"normal",120,8,,,
"ü¶æ","25 Jun 2025, 17:30","25 Jun 2025, 18:09","","Seated Cable Row - V Grip (Cable)",,"",1,"normal",120,8,,,
"ü¶æ","25 Jun 2025, 17:30","25 Jun 2025, 18:09","","Seated Cable Row - V Grip (Cable)",,"",2,"normal",120,8,,,
"ü¶æ","25 Jun 2025, 17:30","25 Jun 2025, 18:09","","Face Pull",,"",0,"normal",57.5,10,,,
"ü¶æ","25 Jun 2025, 17:30","25 Jun 2025, 18:09","","Face Pull",,"",1,"normal",57.5,10,,,
"ü¶æ","25 Jun 2025, 17:30","25 Jun 2025, 18:09","","Face Pull",,"",2,"normal",57.5,10,,,
"ü¶æ","25 Jun 2025, 17:30","25 Jun 2025, 18:09","","Dumbbell Row",,"",0,"normal",45,8,,,
"ü¶æ","25 Jun 2025, 17:30","25 Jun 2025, 18:09","","Dumbbell Row",,"",1,"normal",45,8,,,
"ü¶æ","25 Jun 2025, 17:30","25 Jun 2025, 18:09","","Dumbbell Row",,"",2,"normal",45,8,,,
"ü¶æ","25 Jun 2025, 17:30","25 Jun 2025, 18:09","","Seated Incline Curl (Dumbbell)",,"",0,"normal",20,8,,,
"ü¶æ","25 Jun 2025, 17:30","25 Jun 2025, 18:09","","Seated Incline Curl (Dumbbell)",,"",1,"normal",20,10,,,
"ü¶æ","25 Jun 2025, 17:30","25 Jun 2025, 18:09","","Seated Incline Curl (Dumbbell)",,"",2,"normal",20,10,,,
"sisyphus fr","23 Jun 2025, 16:41","23 Jun 2025, 17:21","","Crunch (Weighted)",,"",0,"normal",35,10,,,
"sisyphus fr","23 Jun 2025, 16:41","23 Jun 2025, 17:21","","Crunch (Weighted)",,"",1,"normal",35,10,,,
"sisyphus fr","23 Jun 2025, 16:41","23 Jun 2025, 17:21","","Crunch (Weighted)",,"",2,"normal",35,10,,,
"sisyphus fr","23 Jun 2025, 16:41","23 Jun 2025, 17:21","","Side Bend (Dumbbell)",,"",0,"normal",45,10,,,
"sisyphus fr","23 Jun 2025, 16:41","23 Jun 2025, 17:21","","Side Bend (Dumbbell)",,"",1,"normal",45,10,,,
"sisyphus fr","23 Jun 2025, 16:41","23 Jun 2025, 17:21","","Bench Press (Dumbbell)",,"",0,"normal",45,8,,,
"sisyphus fr","23 Jun 2025, 16:41","23 Jun 2025, 17:21","","Bench Press (Dumbbell)",,"",1,"normal",40,8,,,
"sisyphus fr","23 Jun 2025, 16:41","23 Jun 2025, 17:21","","Bench Press (Dumbbell)",,"",2,"normal",40,10,,,
"sisyphus fr","23 Jun 2025, 16:41","23 Jun 2025, 17:21","","Skullcrusher (Dumbbell)",,"",0,"normal",25,8,,,
"sisyphus fr","23 Jun 2025, 16:41","23 Jun 2025, 17:21","","Skullcrusher (Dumbbell)",,"",1,"normal",25,10,,,
"sisyphus fr","23 Jun 2025, 16:41","23 Jun 2025, 17:21","","Skullcrusher (Dumbbell)",,"",2,"failure",25,11,,,
"sisyphus fr","23 Jun 2025, 16:41","23 Jun 2025, 17:21","","Lateral Raise (Dumbbell)",0,"",0,"normal",25,8,,,
"sisyphus fr","23 Jun 2025, 16:41","23 Jun 2025, 17:21","","Lateral Raise (Dumbbell)",0,"",1,"normal",25,8,,,
"sisyphus fr","23 Jun 2025, 16:41","23 Jun 2025, 17:21","","Lateral Raise (Dumbbell)",0,"",2,"normal",25,8,,,
"sisyphus fr","23 Jun 2025, 16:41","23 Jun 2025, 17:21","","Shrug (Dumbbell)",0,"",0,"normal",45,10,,,
"sisyphus fr","23 Jun 2025, 16:41","23 Jun 2025, 17:21","","Shrug (Dumbbell)",0,"",1,"normal",45,12,,,
"sisyphus fr","23 Jun 2025, 16:41","23 Jun 2025, 17:21","","Shrug (Dumbbell)",0,"",2,"normal",45,12,,,
"sisyphus fr","23 Jun 2025, 16:41","23 Jun 2025, 17:21","","Triceps Extension (Cable)",,"",0,"normal",20,8,,,
"sisyphus fr","23 Jun 2025, 16:41","23 Jun 2025, 17:21","","Triceps Extension (Cable)",,"",1,"normal",20,8,,,
"sisyphus fr","23 Jun 2025, 16:41","23 Jun 2025, 17:21","","Triceps Extension (Cable)",,"",2,"normal",20,8,,,
"sisyphus fr","23 Jun 2025, 16:41","23 Jun 2025, 17:21","","Cable Fly Crossovers",,"",0,"normal",25,8,,,
"sisyphus fr","23 Jun 2025, 16:41","23 Jun 2025, 17:21","","Cable Fly Crossovers",,"",1,"normal",25,10,,,
"sisyphus fr","23 Jun 2025, 16:41","23 Jun 2025, 17:21","","Cable Fly Crossovers",,"",2,"normal",25,10,,,
"ü¶æ","19 Jun 2025, 16:54","19 Jun 2025, 17:33","","Back Extension (Weighted Hyperextension)",,"",0,"normal",35,8,,,
"ü¶æ","19 Jun 2025, 16:54","19 Jun 2025, 17:33","","Back Extension (Weighted Hyperextension)",,"",1,"normal",35,8,,,
"ü¶æ","19 Jun 2025, 16:54","19 Jun 2025, 17:33","","Back Extension (Weighted Hyperextension)",,"",2,"normal",35,8,,,
"ü¶æ","19 Jun 2025, 16:54","19 Jun 2025, 17:33","","Bicep Curl (Dumbbell)",,"",0,"normal",35,8,,,
"ü¶æ","19 Jun 2025, 16:54","19 Jun 2025, 17:33","","Bicep Curl (Dumbbell)",,"",1,"normal",35,8,,,
"ü¶æ","19 Jun 2025, 16:54","19 Jun 2025, 17:33","","Bicep Curl (Dumbbell)",,"",2,"failure",35,8,,,
"ü¶æ","19 Jun 2025, 16:54","19 Jun 2025, 17:33","","Lat Pulldown (Cable)",,"",0,"normal",100,10,,,
"ü¶æ","19 Jun 2025, 16:54","19 Jun 2025, 17:33","","Lat Pulldown (Cable)",,"",1,"normal",100,10,,,
"ü¶æ","19 Jun 2025, 16:54","19 Jun 2025, 17:33","","Lat Pulldown (Cable)",,"",2,"normal",100,10,,,
"ü¶æ","19 Jun 2025, 16:54","19 Jun 2025, 17:33","","Seated Cable Row - V Grip (Cable)",,"",0,"normal",120,8,,,
"ü¶æ","19 Jun 2025, 16:54","19 Jun 2025, 17:33","","Seated Cable Row - V Grip (Cable)",,"",1,"normal",120,8,,,
"ü¶æ","19 Jun 2025, 16:54","19 Jun 2025, 17:33","","Seated Cable Row - V Grip (Cable)",,"",2,"normal",120,8,,,
"ü¶æ","19 Jun 2025, 16:54","19 Jun 2025, 17:33","","Face Pull",,"",0,"normal",57.5,10,,,
"ü¶æ","19 Jun 2025, 16:54","19 Jun 2025, 17:33","","Face Pull",,"",1,"normal",57.5,10,,,
"ü¶æ","19 Jun 2025, 16:54","19 Jun 2025, 17:33","","Face Pull",,"",2,"normal",57.5,10,,,
"ü¶æ","19 Jun 2025, 16:54","19 Jun 2025, 17:33","","Dumbbell Row",,"",0,"normal",45,8,,,
"ü¶æ","19 Jun 2025, 16:54","19 Jun 2025, 17:33","","Dumbbell Row",,"",1,"normal",45,8,,,
"ü¶æ","19 Jun 2025, 16:54","19 Jun 2025, 17:33","","Dumbbell Row",,"",2,"normal",45,8,,,
"ü¶æ","19 Jun 2025, 16:54","19 Jun 2025, 17:33","","Seated Incline Curl (Dumbbell)",,"",0,"normal",20,8,,,
"ü¶æ","19 Jun 2025, 16:54","19 Jun 2025, 17:33","","Seated Incline Curl (Dumbbell)",,"",1,"normal",20,8,,,
"ü¶æ","19 Jun 2025, 16:54","19 Jun 2025, 17:33","","Seated Incline Curl (Dumbbell)",,"",2,"dropset",20,8,,,
"üçë","17 Jun 2025, 16:39","17 Jun 2025, 17:18","","Hip Thrust (Barbell)",,"",0,"normal",180,8,,,
"üçë","17 Jun 2025, 16:39","17 Jun 2025, 17:18","","Hip Thrust (Barbell)",,"",1,"normal",180,8,,,
"üçë","17 Jun 2025, 16:39","17 Jun 2025, 17:18","","Hip Thrust (Barbell)",,"",2,"normal",180,8,,,
"üçë","17 Jun 2025, 16:39","17 Jun 2025, 17:18","","Leg Press (Machine)",,"",0,"warmup",180,8,,,
"üçë","17 Jun 2025, 16:39","17 Jun 2025, 17:18","","Leg Press (Machine)",,"",1,"normal",270,8,,,
"üçë","17 Jun 2025, 16:39","17 Jun 2025, 17:18","","Leg Press (Machine)",,"",2,"normal",270,8,,,
"üçë","17 Jun 2025, 16:39","17 Jun 2025, 17:18","","Leg Press (Machine)",,"",3,"normal",270,8,,,
"üçë","17 Jun 2025, 16:39","17 Jun 2025, 17:18","","Calf Press (Machine)",,"",0,"normal",410,8,,,
"üçë","17 Jun 2025, 16:39","17 Jun 2025, 17:18","","Calf Press (Machine)",,"",1,"normal",410,8,,,
"üçë","17 Jun 2025, 16:39","17 Jun 2025, 17:18","","Calf Press (Machine)",,"",2,"normal",410,8,,,
"üçë","17 Jun 2025, 16:39","17 Jun 2025, 17:18","","Seated Leg Curl (Machine)",,"",0,"normal",90,8,,,
"üçë","17 Jun 2025, 16:39","17 Jun 2025, 17:18","","Seated Leg Curl (Machine)",,"",1,"normal",90,8,,,
"üçë","17 Jun 2025, 16:39","17 Jun 2025, 17:18","","Seated Leg Curl (Machine)",,"",2,"normal",90,8,,,
"üçë","17 Jun 2025, 16:39","17 Jun 2025, 17:18","","Hip Adduction (Machine)",,"",0,"normal",90,10,,,
"üçë","17 Jun 2025, 16:39","17 Jun 2025, 17:18","","Hip Adduction (Machine)",,"",1,"normal",90,10,,,
"üçë","17 Jun 2025, 16:39","17 Jun 2025, 17:18","","Bulgarian Split Squat",,"",0,"normal",22.5,8,,,
"üçë","17 Jun 2025, 16:39","17 Jun 2025, 17:18","","Bulgarian Split Squat",,"",1,"normal",22.5,8,,,
"üçë","17 Jun 2025, 16:39","17 Jun 2025, 17:18","","Bulgarian Split Squat",,"",2,"normal",22.5,8,,,
"üçë","17 Jun 2025, 16:39","17 Jun 2025, 17:18","","Romanian Deadlift (Dumbbell)",,"",0,"normal",35,8,,,
"üçë","17 Jun 2025, 16:39","17 Jun 2025, 17:18","","Romanian Deadlift (Dumbbell)",,"",1,"normal",35,8,,,
"üçë","17 Jun 2025, 16:39","17 Jun 2025, 17:18","","Romanian Deadlift (Dumbbell)",,"",2,"normal",35,8,,,
"sisyphus fr","16 Jun 2025, 16:32","16 Jun 2025, 17:09","","Crunch (Weighted)",,"",0,"normal",35,8,,,
"sisyphus fr","16 Jun 2025, 16:32","16 Jun 2025, 17:09","","Crunch (Weighted)",,"",1,"normal",35,8,,,
"sisyphus fr","16 Jun 2025, 16:32","16 Jun 2025, 17:09","","Crunch (Weighted)",,"",2,"normal",35,8,,,
"sisyphus fr","16 Jun 2025, 16:32","16 Jun 2025, 17:09","","Side Bend (Dumbbell)",,"",0,"normal",45,10,,,
"sisyphus fr","16 Jun 2025, 16:32","16 Jun 2025, 17:09","","Side Bend (Dumbbell)",,"",1,"normal",45,10,,,
"sisyphus fr","16 Jun 2025, 16:32","16 Jun 2025, 17:09","","Bench Press (Dumbbell)",,"",0,"normal",45,8,,,
"sisyphus fr","16 Jun 2025, 16:32","16 Jun 2025, 17:09","","Bench Press (Dumbbell)",,"",1,"normal",45,8,,,
"sisyphus fr","16 Jun 2025, 16:32","16 Jun 2025, 17:09","","Bench Press (Dumbbell)",,"",2,"normal",45,8,,,
"sisyphus fr","16 Jun 2025, 16:32","16 Jun 2025, 17:09","","Skullcrusher (Dumbbell)",,"",0,"normal",25,8,,,
"sisyphus fr","16 Jun 2025, 16:32","16 Jun 2025, 17:09","","Skullcrusher (Dumbbell)",,"",1,"normal",25,8,,,
"sisyphus fr","16 Jun 2025, 16:32","16 Jun 2025, 17:09","","Skullcrusher (Dumbbell)",,"",2,"failure",25,11,,,
"sisyphus fr","16 Jun 2025, 16:32","16 Jun 2025, 17:09","","Lateral Raise (Dumbbell)",0,"",0,"normal",25,8,,,
"sisyphus fr","16 Jun 2025, 16:32","16 Jun 2025, 17:09","","Lateral Raise (Dumbbell)",0,"",1,"normal",25,8,,,
"sisyphus fr","16 Jun 2025, 16:32","16 Jun 2025, 17:09","","Lateral Raise (Dumbbell)",0,"",2,"normal",25,8,,,
"sisyphus fr","16 Jun 2025, 16:32","16 Jun 2025, 17:09","","Shrug (Dumbbell)",0,"",0,"normal",45,10,,,
"sisyphus fr","16 Jun 2025, 16:32","16 Jun 2025, 17:09","","Shrug (Dumbbell)",0,"",1,"normal",45,10,,,
"sisyphus fr","16 Jun 2025, 16:32","16 Jun 2025, 17:09","","Shrug (Dumbbell)",0,"",2,"normal",45,10,,,
"sisyphus fr","16 Jun 2025, 16:32","16 Jun 2025, 17:09","","Triceps Extension (Cable)",,"",0,"normal",20,8,,,
"sisyphus fr","16 Jun 2025, 16:32","16 Jun 2025, 17:09","","Triceps Extension (Cable)",,"",1,"normal",20,8,,,
"sisyphus fr","16 Jun 2025, 16:32","16 Jun 2025, 17:09","","Triceps Extension (Cable)",,"",2,"normal",20,8,,,
"sisyphus fr","16 Jun 2025, 16:32","16 Jun 2025, 17:09","","Cable Fly Crossovers",,"",0,"normal",25,8,,,
"sisyphus fr","16 Jun 2025, 16:32","16 Jun 2025, 17:09","","Cable Fly Crossovers",,"",1,"normal",25,10,,,
"sisyphus fr","16 Jun 2025, 16:32","16 Jun 2025, 17:09","","Cable Fly Crossovers",,"",2,"normal",25,10,,,
"ü¶æ","12 Jun 2025, 17:51","12 Jun 2025, 18:29","","Back Extension (Weighted Hyperextension)",,"",0,"normal",35,8,,,
"ü¶æ","12 Jun 2025, 17:51","12 Jun 2025, 18:29","","Back Extension (Weighted Hyperextension)",,"",1,"normal",35,8,,,
"ü¶æ","12 Jun 2025, 17:51","12 Jun 2025, 18:29","","Back Extension (Weighted Hyperextension)",,"",2,"normal",35,8,,,
"ü¶æ","12 Jun 2025, 17:51","12 Jun 2025, 18:29","","Bicep Curl (Dumbbell)",,"",0,"normal",35,8,,,
"ü¶æ","12 Jun 2025, 17:51","12 Jun 2025, 18:29","","Bicep Curl (Dumbbell)",,"",1,"normal",35,7,,,
"ü¶æ","12 Jun 2025, 17:51","12 Jun 2025, 18:29","","Bicep Curl (Dumbbell)",,"",2,"failure",35,6,,,
"ü¶æ","12 Jun 2025, 17:51","12 Jun 2025, 18:29","","Lat Pulldown (Cable)",,"",0,"normal",100,8,,,
"ü¶æ","12 Jun 2025, 17:51","12 Jun 2025, 18:29","","Lat Pulldown (Cable)",,"",1,"normal",100,8,,,
"ü¶æ","12 Jun 2025, 17:51","12 Jun 2025, 18:29","","Lat Pulldown (Cable)",,"",2,"normal",100,8,,,
"ü¶æ","12 Jun 2025, 17:51","12 Jun 2025, 18:29","","Seated Cable Row - V Grip (Cable)",,"",0,"normal",105,8,,,
"ü¶æ","12 Jun 2025, 17:51","12 Jun 2025, 18:29","","Seated Cable Row - V Grip (Cable)",,"",1,"normal",105,8,,,
"ü¶æ","12 Jun 2025, 17:51","12 Jun 2025, 18:29","","Seated Cable Row - V Grip (Cable)",,"",2,"normal",105,8,,,
"ü¶æ","12 Jun 2025, 17:51","12 Jun 2025, 18:29","","Face Pull",,"",0,"normal",57.5,8,,,
"ü¶æ","12 Jun 2025, 17:51","12 Jun 2025, 18:29","","Face Pull",,"",1,"normal",57.5,8,,,
"ü¶æ","12 Jun 2025, 17:51","12 Jun 2025, 18:29","","Face Pull",,"",2,"normal",57.5,8,,,
"ü¶æ","12 Jun 2025, 17:51","12 Jun 2025, 18:29","","Dumbbell Row",,"",0,"normal",40,10,,,
"ü¶æ","12 Jun 2025, 17:51","12 Jun 2025, 18:29","","Dumbbell Row",,"",1,"normal",40,10,,,
"ü¶æ","12 Jun 2025, 17:51","12 Jun 2025, 18:29","","Dumbbell Row",,"",2,"normal",40,10,,,
"ü¶æ","12 Jun 2025, 17:51","12 Jun 2025, 18:29","","Seated Incline Curl (Dumbbell)",,"20x4",0,"normal",22.5,8,,,
"ü¶æ","12 Jun 2025, 17:51","12 Jun 2025, 18:29","","Seated Incline Curl (Dumbbell)",,"20x4",1,"normal",22.5,8,,,
"ü¶æ","12 Jun 2025, 17:51","12 Jun 2025, 18:29","","Seated Incline Curl (Dumbbell)",,"20x4",2,"dropset",22.5,10,,,
"üçë","10 Jun 2025, 17:30","10 Jun 2025, 18:08","","Hip Thrust (Barbell)",,"",0,"normal",180,8,,,
"üçë","10 Jun 2025, 17:30","10 Jun 2025, 18:08","","Hip Thrust (Barbell)",,"",1,"normal",180,8,,,
"üçë","10 Jun 2025, 17:30","10 Jun 2025, 18:08","","Hip Thrust (Barbell)",,"",2,"normal",180,8,,,
"üçë","10 Jun 2025, 17:30","10 Jun 2025, 18:08","","Leg Press (Machine)",,"",0,"warmup",180,8,,,
"üçë","10 Jun 2025, 17:30","10 Jun 2025, 18:08","","Leg Press (Machine)",,"",1,"normal",270,8,,,
"üçë","10 Jun 2025, 17:30","10 Jun 2025, 18:08","","Leg Press (Machine)",,"",2,"normal",270,8,,,
"üçë","10 Jun 2025, 17:30","10 Jun 2025, 18:08","","Leg Press (Machine)",,"",3,"normal",270,8,,,
"üçë","10 Jun 2025, 17:30","10 Jun 2025, 18:08","","Calf Press (Machine)",,"",0,"normal",410,8,,,
"üçë","10 Jun 2025, 17:30","10 Jun 2025, 18:08","","Calf Press (Machine)",,"",1,"normal",410,8,,,
"üçë","10 Jun 2025, 17:30","10 Jun 2025, 18:08","","Calf Press (Machine)",,"",2,"normal",410,8,,,
"üçë","10 Jun 2025, 17:30","10 Jun 2025, 18:08","","Seated Leg Curl (Machine)",,"",0,"normal",90,8,,,
"üçë","10 Jun 2025, 17:30","10 Jun 2025, 18:08","","Seated Leg Curl (Machine)",,"",1,"normal",90,8,,,
"üçë","10 Jun 2025, 17:30","10 Jun 2025, 18:08","","Seated Leg Curl (Machine)",,"",2,"normal",90,7,,,
"üçë","10 Jun 2025, 17:30","10 Jun 2025, 18:08","","Hip Adduction (Machine)",,"",0,"normal",90,10,,,
"üçë","10 Jun 2025, 17:30","10 Jun 2025, 18:08","","Hip Adduction (Machine)",,"",1,"normal",90,10,,,
"üçë","10 Jun 2025, 17:30","10 Jun 2025, 18:08","","Bulgarian Split Squat",,"",0,"normal",22.5,8,,,
"üçë","10 Jun 2025, 17:30","10 Jun 2025, 18:08","","Bulgarian Split Squat",,"",1,"normal",22.5,8,,,
"üçë","10 Jun 2025, 17:30","10 Jun 2025, 18:08","","Bulgarian Split Squat",,"",2,"normal",22.5,8,,,
"üçë","10 Jun 2025, 17:30","10 Jun 2025, 18:08","","Romanian Deadlift (Dumbbell)",,"",0,"normal",35,8,,,
"üçë","10 Jun 2025, 17:30","10 Jun 2025, 18:08","","Romanian Deadlift (Dumbbell)",,"",1,"normal",35,8,,,
"üçë","10 Jun 2025, 17:30","10 Jun 2025, 18:08","","Romanian Deadlift (Dumbbell)",,"",2,"normal",35,8,,,
"sisyphus fr","9 Jun 2025, 16:35","9 Jun 2025, 17:14","","Crunch (Weighted)",,"",0,"normal",35,10,,,
"sisyphus fr","9 Jun 2025, 16:35","9 Jun 2025, 17:14","","Crunch (Weighted)",,"",1,"normal",35,10,,,
"sisyphus fr","9 Jun 2025, 16:35","9 Jun 2025, 17:14","","Crunch (Weighted)",,"",2,"normal",35,10,,,
"sisyphus fr","9 Jun 2025, 16:35","9 Jun 2025, 17:14","","Side Bend (Dumbbell)",,"",0,"normal",45,10,,,
"sisyphus fr","9 Jun 2025, 16:35","9 Jun 2025, 17:14","","Side Bend (Dumbbell)",,"",1,"normal",45,10,,,
"sisyphus fr","9 Jun 2025, 16:35","9 Jun 2025, 17:14","","Bench Press (Dumbbell)",,"",0,"normal",45,8,,,
"sisyphus fr","9 Jun 2025, 16:35","9 Jun 2025, 17:14","","Bench Press (Dumbbell)",,"",1,"normal",45,8,,,
"sisyphus fr","9 Jun 2025, 16:35","9 Jun 2025, 17:14","","Bench Press (Dumbbell)",,"",2,"normal",45,8,,,
"sisyphus fr","9 Jun 2025, 16:35","9 Jun 2025, 17:14","","Skullcrusher (Dumbbell)",,"",0,"normal",25,8,,,
"sisyphus fr","9 Jun 2025, 16:35","9 Jun 2025, 17:14","","Skullcrusher (Dumbbell)",,"",1,"normal",25,8,,,
"sisyphus fr","9 Jun 2025, 16:35","9 Jun 2025, 17:14","","Skullcrusher (Dumbbell)",,"",2,"failure",25,9,,,
"sisyphus fr","9 Jun 2025, 16:35","9 Jun 2025, 17:14","","Lateral Raise (Dumbbell)",0,"",0,"normal",25,8,,,
"sisyphus fr","9 Jun 2025, 16:35","9 Jun 2025, 17:14","","Lateral Raise (Dumbbell)",0,"",1,"normal",25,8,,,
"sisyphus fr","9 Jun 2025, 16:35","9 Jun 2025, 17:14","","Lateral Raise (Dumbbell)",0,"",2,"normal",25,8,,,
"sisyphus fr","9 Jun 2025, 16:35","9 Jun 2025, 17:14","","Shrug (Dumbbell)",0,"",0,"normal",45,10,,,
"sisyphus fr","9 Jun 2025, 16:35","9 Jun 2025, 17:14","","Shrug (Dumbbell)",0,"",1,"normal",45,10,,,
"sisyphus fr","9 Jun 2025, 16:35","9 Jun 2025, 17:14","","Shrug (Dumbbell)",0,"",2,"normal",45,10,,,
"sisyphus fr","9 Jun 2025, 16:35","9 Jun 2025, 17:14","","Triceps Extension (Cable)",,"",0,"normal",20,8,,,
"sisyphus fr","9 Jun 2025, 16:35","9 Jun 2025, 17:14","","Triceps Extension (Cable)",,"",1,"normal",20,8,,,
"sisyphus fr","9 Jun 2025, 16:35","9 Jun 2025, 17:14","","Triceps Extension (Cable)",,"",2,"normal",20,8,,,
"sisyphus fr","9 Jun 2025, 16:35","9 Jun 2025, 17:14","","Cable Fly Crossovers",,"",0,"normal",25,8,,,
"sisyphus fr","9 Jun 2025, 16:35","9 Jun 2025, 17:14","","Cable Fly Crossovers",,"",1,"normal",25,8,,,
"sisyphus fr","9 Jun 2025, 16:35","9 Jun 2025, 17:14","","Cable Fly Crossovers",,"",2,"normal",25,8,,,
"ü¶æ","4 Jun 2025, 16:57","4 Jun 2025, 17:35","","Back Extension (Weighted Hyperextension)",,"",0,"normal",35,8,,,
"ü¶æ","4 Jun 2025, 16:57","4 Jun 2025, 17:35","","Back Extension (Weighted Hyperextension)",,"",1,"normal",35,8,,,
"ü¶æ","4 Jun 2025, 16:57","4 Jun 2025, 17:35","","Back Extension (Weighted Hyperextension)",,"",2,"normal",35,8,,,
"ü¶æ","4 Jun 2025, 16:57","4 Jun 2025, 17:35","","Bicep Curl (Dumbbell)",,"",0,"normal",35,8,,,
"ü¶æ","4 Jun 2025, 16:57","4 Jun 2025, 17:35","","Bicep Curl (Dumbbell)",,"",1,"normal",35,7,,,
"ü¶æ","4 Jun 2025, 16:57","4 Jun 2025, 17:35","","Bicep Curl (Dumbbell)",,"",2,"failure",35,5,,,
"ü¶æ","4 Jun 2025, 16:57","4 Jun 2025, 17:35","","Lat Pulldown (Cable)",,"",0,"normal",100,8,,,
"ü¶æ","4 Jun 2025, 16:57","4 Jun 2025, 17:35","","Lat Pulldown (Cable)",,"",1,"normal",100,8,,,
"ü¶æ","4 Jun 2025, 16:57","4 Jun 2025, 17:35","","Lat Pulldown (Cable)",,"",2,"normal",100,8,,,
"ü¶æ","4 Jun 2025, 16:57","4 Jun 2025, 17:35","","Seated Cable Row - V Grip (Cable)",,"up next time",0,"normal",105,8,,,
"ü¶æ","4 Jun 2025, 16:57","4 Jun 2025, 17:35","","Seated Cable Row - V Grip (Cable)",,"up next time",1,"normal",105,8,,,
"ü¶æ","4 Jun 2025, 16:57","4 Jun 2025, 17:35","","Seated Cable Row - V Grip (Cable)",,"up next time",2,"normal",105,8,,,
"ü¶æ","4 Jun 2025, 16:57","4 Jun 2025, 17:35","","Face Pull",,"",0,"normal",57.5,8,,,
"ü¶æ","4 Jun 2025, 16:57","4 Jun 2025, 17:35","","Face Pull",,"",1,"normal",57.5,8,,,
"ü¶æ","4 Jun 2025, 16:57","4 Jun 2025, 17:35","","Face Pull",,"",2,"normal",57.5,8,,,
"ü¶æ","4 Jun 2025, 16:57","4 Jun 2025, 17:35","","Dumbbell Row",,"",0,"normal",40,8,,,
"ü¶æ","4 Jun 2025, 16:57","4 Jun 2025, 17:35","","Dumbbell Row",,"",1,"normal",40,8,,,
"ü¶æ","4 Jun 2025, 16:57","4 Jun 2025, 17:35","","Dumbbell Row",,"",2,"normal",40,10,,,
"ü¶æ","4 Jun 2025, 16:57","4 Jun 2025, 17:35","","Seated Incline Curl (Dumbbell)",,"17.5x9",0,"normal",25,8,,,
"ü¶æ","4 Jun 2025, 16:57","4 Jun 2025, 17:35","","Seated Incline Curl (Dumbbell)",,"17.5x9",1,"normal",25,8,,,
"ü¶æ","4 Jun 2025, 16:57","4 Jun 2025, 17:35","","Seated Incline Curl (Dumbbell)",,"17.5x9",2,"dropset",25,7,,,
"üçë","3 Jun 2025, 17:24","3 Jun 2025, 18:06","","Hip Thrust (Barbell)",,"",0,"normal",180,8,,,
"üçë","3 Jun 2025, 17:24","3 Jun 2025, 18:06","","Hip Thrust (Barbell)",,"",1,"normal",180,8,,,
"üçë","3 Jun 2025, 17:24","3 Jun 2025, 18:06","","Hip Thrust (Barbell)",,"",2,"normal",180,8,,,
"üçë","3 Jun 2025, 17:24","3 Jun 2025, 18:06","","Leg Press (Machine)",,"",0,"warmup",180,8,,,
"üçë","3 Jun 2025, 17:24","3 Jun 2025, 18:06","","Leg Press (Machine)",,"",1,"normal",270,8,,,
"üçë","3 Jun 2025, 17:24","3 Jun 2025, 18:06","","Leg Press (Machine)",,"",2,"normal",270,8,,,
"üçë","3 Jun 2025, 17:24","3 Jun 2025, 18:06","","Leg Press (Machine)",,"",3,"normal",270,8,,,
"üçë","3 Jun 2025, 17:24","3 Jun 2025, 18:06","","Calf Press (Machine)",,"",0,"normal",410,8,,,
"üçë","3 Jun 2025, 17:24","3 Jun 2025, 18:06","","Calf Press (Machine)",,"",1,"normal",410,8,,,
"üçë","3 Jun 2025, 17:24","3 Jun 2025, 18:06","","Calf Press (Machine)",,"",2,"normal",410,8,,,
"üçë","3 Jun 2025, 17:24","3 Jun 2025, 18:06","","Seated Leg Curl (Machine)",,"",0,"normal",90,8,,,
"üçë","3 Jun 2025, 17:24","3 Jun 2025, 18:06","","Seated Leg Curl (Machine)",,"",1,"normal",80,8,,,
"üçë","3 Jun 2025, 17:24","3 Jun 2025, 18:06","","Seated Leg Curl (Machine)",,"",2,"normal",80,7,,,
"üçë","3 Jun 2025, 17:24","3 Jun 2025, 18:06","","Hip Adduction (Machine)",,"",0,"normal",90,10,,,
"üçë","3 Jun 2025, 17:24","3 Jun 2025, 18:06","","Hip Adduction (Machine)",,"",1,"normal",90,10,,,
"üçë","3 Jun 2025, 17:24","3 Jun 2025, 18:06","","Bulgarian Split Squat",,"",0,"normal",22.5,8,,,
"üçë","3 Jun 2025, 17:24","3 Jun 2025, 18:06","","Bulgarian Split Squat",,"",1,"normal",22.5,8,,,
"üçë","3 Jun 2025, 17:24","3 Jun 2025, 18:06","","Bulgarian Split Squat",,"",2,"normal",22.5,8,,,
"üçë","3 Jun 2025, 17:24","3 Jun 2025, 18:06","","Romanian Deadlift (Dumbbell)",,"",0,"normal",35,10,,,
"üçë","3 Jun 2025, 17:24","3 Jun 2025, 18:06","","Romanian Deadlift (Dumbbell)",,"",1,"normal",35,10,,,
"üçë","3 Jun 2025, 17:24","3 Jun 2025, 18:06","","Romanian Deadlift (Dumbbell)",,"",2,"normal",35,10,,,
"sisyphus fr","2 Jun 2025, 17:04","2 Jun 2025, 17:45","","Crunch (Weighted)",,"",0,"normal",35,10,,,
"sisyphus fr","2 Jun 2025, 17:04","2 Jun 2025, 17:45","","Crunch (Weighted)",,"",1,"normal",35,10,,,
"sisyphus fr","2 Jun 2025, 17:04","2 Jun 2025, 17:45","","Crunch (Weighted)",,"",2,"normal",35,10,,,
"sisyphus fr","2 Jun 2025, 17:04","2 Jun 2025, 17:45","","Side Bend (Dumbbell)",,"",0,"normal",45,10,,,
"sisyphus fr","2 Jun 2025, 17:04","2 Jun 2025, 17:45","","Side Bend (Dumbbell)",,"",1,"normal",45,10,,,
"sisyphus fr","2 Jun 2025, 17:04","2 Jun 2025, 17:45","","Bench Press (Dumbbell)",,"",0,"normal",45,7,,,
"sisyphus fr","2 Jun 2025, 17:04","2 Jun 2025, 17:45","","Bench Press (Dumbbell)",,"",1,"normal",45,6,,,
"sisyphus fr","2 Jun 2025, 17:04","2 Jun 2025, 17:45","","Bench Press (Dumbbell)",,"",2,"normal",45,8,,,
"sisyphus fr","2 Jun 2025, 17:04","2 Jun 2025, 17:45","","Skullcrusher (Dumbbell)",,"25 next",0,"normal",22.5,8,,,
"sisyphus fr","2 Jun 2025, 17:04","2 Jun 2025, 17:45","","Skullcrusher (Dumbbell)",,"25 next",1,"normal",22.5,8,,,
"sisyphus fr","2 Jun 2025, 17:04","2 Jun 2025, 17:45","","Skullcrusher (Dumbbell)",,"25 next",2,"failure",22.5,15,,,
"sisyphus fr","2 Jun 2025, 17:04","2 Jun 2025, 17:45","","Lateral Raise (Dumbbell)",0,"",0,"normal",25,8,,,
"sisyphus fr","2 Jun 2025, 17:04","2 Jun 2025, 17:45","","Lateral Raise (Dumbbell)",0,"",1,"normal",25,8,,,
"sisyphus fr","2 Jun 2025, 17:04","2 Jun 2025, 17:45","","Lateral Raise (Dumbbell)",0,"",2,"normal",25,8,,,
"sisyphus fr","2 Jun 2025, 17:04","2 Jun 2025, 17:45","","Shrug (Dumbbell)",0,"",0,"normal",45,10,,,
"sisyphus fr","2 Jun 2025, 17:04","2 Jun 2025, 17:45","","Shrug (Dumbbell)",0,"",1,"normal",45,10,,,
"sisyphus fr","2 Jun 2025, 17:04","2 Jun 2025, 17:45","","Shrug (Dumbbell)",0,"",2,"normal",45,10,,,
"sisyphus fr","2 Jun 2025, 17:04","2 Jun 2025, 17:45","","Triceps Extension (Cable)",,"",0,"normal",20,8,,,
"sisyphus fr","2 Jun 2025, 17:04","2 Jun 2025, 17:45","","Triceps Extension (Cable)",,"",1,"normal",20,8,,,
"sisyphus fr","2 Jun 2025, 17:04","2 Jun 2025, 17:45","","Triceps Extension (Cable)",,"",2,"normal",20,8,,,
"sisyphus fr","2 Jun 2025, 17:04","2 Jun 2025, 17:45","","Cable Fly Crossovers",,"",0,"normal",25,8,,,
"sisyphus fr","2 Jun 2025, 17:04","2 Jun 2025, 17:45","","Cable Fly Crossovers",,"",1,"normal",25,8,,,
"sisyphus fr","2 Jun 2025, 17:04","2 Jun 2025, 17:45","","Cable Fly Crossovers",,"",2,"normal",25,8,,,
"ü¶æ","30 May 2025, 16:56","30 May 2025, 17:30","","Back Extension (Weighted Hyperextension)",,"",0,"normal",35,8,,,
"ü¶æ","30 May 2025, 16:56","30 May 2025, 17:30","","Back Extension (Weighted Hyperextension)",,"",1,"normal",35,8,,,
"ü¶æ","30 May 2025, 16:56","30 May 2025, 17:30","","Back Extension (Weighted Hyperextension)",,"",2,"normal",35,8,,,
"ü¶æ","30 May 2025, 16:56","30 May 2025, 17:30","","Bicep Curl (Dumbbell)",,"",0,"normal",30,8,,,
"ü¶æ","30 May 2025, 16:56","30 May 2025, 17:30","","Bicep Curl (Dumbbell)",,"",1,"normal",30,8,,,
"ü¶æ","30 May 2025, 16:56","30 May 2025, 17:30","","Bicep Curl (Dumbbell)",,"",2,"failure",30,10,,,
"ü¶æ","30 May 2025, 16:56","30 May 2025, 17:30","","Lat Pulldown (Cable)",,"",0,"normal",100,8,,,
"ü¶æ","30 May 2025, 16:56","30 May 2025, 17:30","","Lat Pulldown (Cable)",,"",1,"normal",100,8,,,
"ü¶æ","30 May 2025, 16:56","30 May 2025, 17:30","","Lat Pulldown (Cable)",,"",2,"normal",100,8,,,
"ü¶æ","30 May 2025, 16:56","30 May 2025, 17:30","","Seated Cable Row - V Grip (Cable)",,"",0,"normal",105,8,,,
"ü¶æ","30 May 2025, 16:56","30 May 2025, 17:30","","Seated Cable Row - V Grip (Cable)",,"",1,"normal",105,8,,,
"ü¶æ","30 May 2025, 16:56","30 May 2025, 17:30","","Seated Cable Row - V Grip (Cable)",,"",2,"normal",105,10,,,
"ü¶æ","30 May 2025, 16:56","30 May 2025, 17:30","","Face Pull",,"",0,"normal",57.5,8,,,
"ü¶æ","30 May 2025, 16:56","30 May 2025, 17:30","","Face Pull",,"",1,"normal",57.5,8,,,
"ü¶æ","30 May 2025, 16:56","30 May 2025, 17:30","","Face Pull",,"",2,"normal",57.5,8,,,
"ü¶æ","30 May 2025, 16:56","30 May 2025, 17:30","","Dumbbell Row",,"",0,"normal",40,8,,,
"ü¶æ","30 May 2025, 16:56","30 May 2025, 17:30","","Dumbbell Row",,"",1,"normal",40,8,,,
"ü¶æ","30 May 2025, 16:56","30 May 2025, 17:30","","Dumbbell Row",,"",2,"normal",40,8,,,
"ü¶æ","30 May 2025, 16:56","30 May 2025, 17:30","","Seated Incline Curl (Dumbbell)",,"17.5x6",0,"normal",25,8,,,
"ü¶æ","30 May 2025, 16:56","30 May 2025, 17:30","","Seated Incline Curl (Dumbbell)",,"17.5x6",1,"normal",25,8,,,
"ü¶æ","30 May 2025, 16:56","30 May 2025, 17:30","","Seated Incline Curl (Dumbbell)",,"17.5x6",2,"dropset",25,10,,,
"üçë","29 May 2025, 17:21","29 May 2025, 17:58","","Hip Thrust (Barbell)",,"",0,"normal",180,8,,,
"üçë","29 May 2025, 17:21","29 May 2025, 17:58","","Hip Thrust (Barbell)",,"",1,"normal",180,8,,,
"üçë","29 May 2025, 17:21","29 May 2025, 17:58","","Hip Thrust (Barbell)",,"",2,"normal",180,8,,,
"üçë","29 May 2025, 17:21","29 May 2025, 17:58","","Leg Press (Machine)",,"",0,"warmup",180,8,,,
"üçë","29 May 2025, 17:21","29 May 2025, 17:58","","Leg Press (Machine)",,"",1,"normal",270,8,,,
"üçë","29 May 2025, 17:21","29 May 2025, 17:58","","Leg Press (Machine)",,"",2,"normal",270,8,,,
"üçë","29 May 2025, 17:21","29 May 2025, 17:58","","Leg Press (Machine)",,"",3,"normal",270,8,,,
"üçë","29 May 2025, 17:21","29 May 2025, 17:58","","Calf Press (Machine)",,"",0,"normal",410,8,,,
"üçë","29 May 2025, 17:21","29 May 2025, 17:58","","Calf Press (Machine)",,"",1,"normal",410,8,,,
"üçë","29 May 2025, 17:21","29 May 2025, 17:58","","Calf Press (Machine)",,"",2,"normal",410,8,,,
"üçë","29 May 2025, 17:21","29 May 2025, 17:58","","Seated Leg Curl (Machine)",,"",0,"normal",90,8,,,
"üçë","29 May 2025, 17:21","29 May 2025, 17:58","","Seated Leg Curl (Machine)",,"",1,"normal",90,8,,,
"üçë","29 May 2025, 17:21","29 May 2025, 17:58","","Seated Leg Curl (Machine)",,"",2,"normal",90,6,,,
"üçë","29 May 2025, 17:21","29 May 2025, 17:58","","Hip Adduction (Machine)",,"",0,"normal",90,10,,,
"üçë","29 May 2025, 17:21","29 May 2025, 17:58","","Hip Adduction (Machine)",,"",1,"normal",90,10,,,
"üçë","29 May 2025, 17:21","29 May 2025, 17:58","","Bulgarian Split Squat",,"",0,"normal",22.5,8,,,
"üçë","29 May 2025, 17:21","29 May 2025, 17:58","","Bulgarian Split Squat",,"",1,"normal",22.5,8,,,
"üçë","29 May 2025, 17:21","29 May 2025, 17:58","","Bulgarian Split Squat",,"",2,"normal",22.5,8,,,
"üçë","29 May 2025, 17:21","29 May 2025, 17:58","","Romanian Deadlift (Dumbbell)",,"",0,"normal",35,10,,,
"üçë","29 May 2025, 17:21","29 May 2025, 17:58","","Romanian Deadlift (Dumbbell)",,"",1,"normal",35,10,,,
"üçë","29 May 2025, 17:21","29 May 2025, 17:58","","Romanian Deadlift (Dumbbell)",,"",2,"normal",35,10,,,
"sisyphus fr","27 May 2025, 17:06","27 May 2025, 17:45","","Crunch (Weighted)",,"",0,"normal",35,10,,,
"sisyphus fr","27 May 2025, 17:06","27 May 2025, 17:45","","Crunch (Weighted)",,"",1,"normal",35,10,,,
"sisyphus fr","27 May 2025, 17:06","27 May 2025, 17:45","","Crunch (Weighted)",,"",2,"normal",35,10,,,
"sisyphus fr","27 May 2025, 17:06","27 May 2025, 17:45","","Side Bend (Dumbbell)",,"",0,"normal",45,10,,,
"sisyphus fr","27 May 2025, 17:06","27 May 2025, 17:45","","Side Bend (Dumbbell)",,"",1,"normal",45,10,,,
"sisyphus fr","27 May 2025, 17:06","27 May 2025, 17:45","","Bench Press (Dumbbell)",,"",0,"normal",35,8,,,
"sisyphus fr","27 May 2025, 17:06","27 May 2025, 17:45","","Bench Press (Dumbbell)",,"",1,"normal",40,8,,,
"sisyphus fr","27 May 2025, 17:06","27 May 2025, 17:45","","Bench Press (Dumbbell)",,"",2,"normal",40,8,,,
"sisyphus fr","27 May 2025, 17:06","27 May 2025, 17:45","","Skullcrusher (Dumbbell)",,"",0,"normal",22.5,8,,,
"sisyphus fr","27 May 2025, 17:06","27 May 2025, 17:45","","Skullcrusher (Dumbbell)",,"",1,"normal",22.5,8,,,
"sisyphus fr","27 May 2025, 17:06","27 May 2025, 17:45","","Skullcrusher (Dumbbell)",,"",2,"failure",22.5,14,,,
"sisyphus fr","27 May 2025, 17:06","27 May 2025, 17:45","","Lateral Raise (Dumbbell)",0,"",0,"normal",25,8,,,
"sisyphus fr","27 May 2025, 17:06","27 May 2025, 17:45","","Lateral Raise (Dumbbell)",0,"",1,"normal",25,8,,,
"sisyphus fr","27 May 2025, 17:06","27 May 2025, 17:45","","Lateral Raise (Dumbbell)",0,"",2,"normal",25,8,,,
"sisyphus fr","27 May 2025, 17:06","27 May 2025, 17:45","","Shrug (Dumbbell)",0,"",0,"normal",45,10,,,
"sisyphus fr","27 May 2025, 17:06","27 May 2025, 17:45","","Shrug (Dumbbell)",0,"",1,"normal",45,10,,,
"sisyphus fr","27 May 2025, 17:06","27 May 2025, 17:45","","Shrug (Dumbbell)",0,"",2,"normal",45,10,,,
"sisyphus fr","27 May 2025, 17:06","27 May 2025, 17:45","","Triceps Extension (Cable)",,"",0,"normal",15,8,,,
"sisyphus fr","27 May 2025, 17:06","27 May 2025, 17:45","","Triceps Extension (Cable)",,"",1,"normal",15,8,,,
"sisyphus fr","27 May 2025, 17:06","27 May 2025, 17:45","","Triceps Extension (Cable)",,"",2,"normal",15,8,,,
"sisyphus fr","27 May 2025, 17:06","27 May 2025, 17:45","","Cable Fly Crossovers",,"",0,"normal",25,8,,,
"sisyphus fr","27 May 2025, 17:06","27 May 2025, 17:45","","Cable Fly Crossovers",,"",1,"normal",25,8,,,
"sisyphus fr","27 May 2025, 17:06","27 May 2025, 17:45","","Cable Fly Crossovers",,"",2,"normal",25,8,,,
"sisyphus fr","21 May 2025, 16:45","21 May 2025, 17:23","","Crunch (Weighted)",,"",0,"normal",25,10,,,
"sisyphus fr","21 May 2025, 16:45","21 May 2025, 17:23","","Crunch (Weighted)",,"",1,"normal",25,10,,,
"sisyphus fr","21 May 2025, 16:45","21 May 2025, 17:23","","Crunch (Weighted)",,"",2,"normal",25,10,,,
"sisyphus fr","21 May 2025, 16:45","21 May 2025, 17:23","","Side Bend (Dumbbell)",,"",0,"normal",35,10,,,
"sisyphus fr","21 May 2025, 16:45","21 May 2025, 17:23","","Side Bend (Dumbbell)",,"",1,"normal",35,10,,,
"sisyphus fr","21 May 2025, 16:45","21 May 2025, 17:23","","Bench Press (Dumbbell)",,"",0,"normal",40,8,,,
"sisyphus fr","21 May 2025, 16:45","21 May 2025, 17:23","","Bench Press (Dumbbell)",,"",1,"normal",40,8,,,
"sisyphus fr","21 May 2025, 16:45","21 May 2025, 17:23","","Bench Press (Dumbbell)",,"",2,"normal",40,8,,,
"sisyphus fr","21 May 2025, 16:45","21 May 2025, 17:23","","Skullcrusher (Dumbbell)",,"",0,"normal",25,8,,,
"sisyphus fr","21 May 2025, 16:45","21 May 2025, 17:23","","Skullcrusher (Dumbbell)",,"",1,"normal",22.5,8,,,
"sisyphus fr","21 May 2025, 16:45","21 May 2025, 17:23","","Skullcrusher (Dumbbell)",,"",2,"failure",22.5,9,,,
"sisyphus fr","21 May 2025, 16:45","21 May 2025, 17:23","","Lateral Raise (Dumbbell)",0,"",0,"normal",22.5,8,,,
"sisyphus fr","21 May 2025, 16:45","21 May 2025, 17:23","","Lateral Raise (Dumbbell)",0,"",1,"normal",22.5,8,,,
"sisyphus fr","21 May 2025, 16:45","21 May 2025, 17:23","","Lateral Raise (Dumbbell)",0,"",2,"normal",22.5,8,,,
"sisyphus fr","21 May 2025, 16:45","21 May 2025, 17:23","","Shrug (Dumbbell)",0,"",0,"normal",45,10,,,
"sisyphus fr","21 May 2025, 16:45","21 May 2025, 17:23","","Shrug (Dumbbell)",0,"",1,"normal",45,10,,,
"sisyphus fr","21 May 2025, 16:45","21 May 2025, 17:23","","Shrug (Dumbbell)",0,"",2,"normal",45,10,,,
"sisyphus fr","21 May 2025, 16:45","21 May 2025, 17:23","","Triceps Extension (Cable)",,"",0,"normal",15,8,,,
"sisyphus fr","21 May 2025, 16:45","21 May 2025, 17:23","","Triceps Extension (Cable)",,"",1,"normal",15,8,,,
"sisyphus fr","21 May 2025, 16:45","21 May 2025, 17:23","","Triceps Extension (Cable)",,"",2,"normal",15,8,,,
"sisyphus fr","21 May 2025, 16:45","21 May 2025, 17:23","","Cable Fly Crossovers",,"set to 5",0,"normal",25,8,,,
"sisyphus fr","21 May 2025, 16:45","21 May 2025, 17:23","","Cable Fly Crossovers",,"set to 5",1,"normal",25,8,,,
"sisyphus fr","21 May 2025, 16:45","21 May 2025, 17:23","","Cable Fly Crossovers",,"set to 5",2,"normal",25,8,,,
"ü¶æ","20 May 2025, 17:16","20 May 2025, 17:57","","Back Extension (Weighted Hyperextension)",,"",0,"normal",30,8,,,
"ü¶æ","20 May 2025, 17:16","20 May 2025, 17:57","","Back Extension (Weighted Hyperextension)",,"",1,"normal",30,8,,,
"ü¶æ","20 May 2025, 17:16","20 May 2025, 17:57","","Back Extension (Weighted Hyperextension)",,"",2,"normal",30,8,,,
"ü¶æ","20 May 2025, 17:16","20 May 2025, 17:57","","Bicep Curl (Dumbbell)",,"",0,"normal",30,8,,,
"ü¶æ","20 May 2025, 17:16","20 May 2025, 17:57","","Bicep Curl (Dumbbell)",,"",1,"normal",30,8,,,
"ü¶æ","20 May 2025, 17:16","20 May 2025, 17:57","","Bicep Curl (Dumbbell)",,"",2,"failure",30,12,,,
"ü¶æ","20 May 2025, 17:16","20 May 2025, 17:57","","Lat Pulldown (Cable)",,"",0,"normal",100,8,,,
"ü¶æ","20 May 2025, 17:16","20 May 2025, 17:57","","Lat Pulldown (Cable)",,"",1,"normal",100,8,,,
"ü¶æ","20 May 2025, 17:16","20 May 2025, 17:57","","Lat Pulldown (Cable)",,"",2,"normal",100,8,,,
"ü¶æ","20 May 2025, 17:16","20 May 2025, 17:57","","Seated Cable Row - V Grip (Cable)",,"",0,"normal",105,8,,,
"ü¶æ","20 May 2025, 17:16","20 May 2025, 17:57","","Seated Cable Row - V Grip (Cable)",,"",1,"normal",105,8,,,
"ü¶æ","20 May 2025, 17:16","20 May 2025, 17:57","","Seated Cable Row - V Grip (Cable)",,"",2,"normal",105,8,,,
"ü¶æ","20 May 2025, 17:16","20 May 2025, 17:57","","Face Pull",,"",0,"normal",57.5,8,,,
"ü¶æ","20 May 2025, 17:16","20 May 2025, 17:57","","Face Pull",,"",1,"normal",57.5,8,,,
"ü¶æ","20 May 2025, 17:16","20 May 2025, 17:57","","Face Pull",,"",2,"normal",57.5,8,,,
"ü¶æ","20 May 2025, 17:16","20 May 2025, 17:57","","Chest Supported Incline Row (Dumbbell)",,"",0,"normal",40,8,,,
"ü¶æ","20 May 2025, 17:16","20 May 2025, 17:57","","Chest Supported Incline Row (Dumbbell)",,"",1,"normal",35,8,,,
"ü¶æ","20 May 2025, 17:16","20 May 2025, 17:57","","Chest Supported Incline Row (Dumbbell)",,"",2,"normal",35,8,,,
"ü¶æ","20 May 2025, 17:16","20 May 2025, 17:57","","Seated Incline Curl (Dumbbell)",,"15x10 drop 25 &17 next?",0,"normal",22.5,8,,,
"ü¶æ","20 May 2025, 17:16","20 May 2025, 17:57","","Seated Incline Curl (Dumbbell)",,"15x10 drop 25 &17 next?",1,"normal",22.5,8,,,
"ü¶æ","20 May 2025, 17:16","20 May 2025, 17:57","","Seated Incline Curl (Dumbbell)",,"15x10 drop 25 &17 next?",2,"dropset",22.5,10,,,
"üçë","19 May 2025, 16:37","19 May 2025, 17:25","","Hip Thrust (Barbell)",,"",0,"normal",180,8,,,
"üçë","19 May 2025, 16:37","19 May 2025, 17:25","","Hip Thrust (Barbell)",,"",1,"normal",180,8,,,
"üçë","19 May 2025, 16:37","19 May 2025, 17:25","","Hip Thrust (Barbell)",,"",2,"normal",180,8,,,
"üçë","19 May 2025, 16:37","19 May 2025, 17:25","","Leg Press (Machine)",,"",0,"warmup",180,8,,,
"üçë","19 May 2025, 16:37","19 May 2025, 17:25","","Leg Press (Machine)",,"",1,"normal",230,8,,,
"üçë","19 May 2025, 16:37","19 May 2025, 17:25","","Leg Press (Machine)",,"",2,"normal",230,8,,,
"üçë","19 May 2025, 16:37","19 May 2025, 17:25","","Leg Press (Machine)",,"",3,"normal",230,8,,,
"üçë","19 May 2025, 16:37","19 May 2025, 17:25","","Calf Press (Machine)",,"",0,"normal",410,8,,,
"üçë","19 May 2025, 16:37","19 May 2025, 17:25","","Calf Press (Machine)",,"",1,"normal",410,8,,,
"üçë","19 May 2025, 16:37","19 May 2025, 17:25","","Calf Press (Machine)",,"",2,"normal",410,8,,,
"üçë","19 May 2025, 16:37","19 May 2025, 17:25","","Seated Leg Curl (Machine)",,"",0,"normal",90,8,,,
"üçë","19 May 2025, 16:37","19 May 2025, 17:25","","Seated Leg Curl (Machine)",,"",1,"normal",70,8,,,
"üçë","19 May 2025, 16:37","19 May 2025, 17:25","","Seated Leg Curl (Machine)",,"",2,"normal",70,8,,,
"üçë","19 May 2025, 16:37","19 May 2025, 17:25","","Hip Adduction (Machine)",,"",0,"normal",82.5,10,,,
"üçë","19 May 2025, 16:37","19 May 2025, 17:25","","Hip Adduction (Machine)",,"",1,"normal",82.5,10,,,
"üçë","19 May 2025, 16:37","19 May 2025, 17:25","","Bulgarian Split Squat",,"",0,"normal",25,8,,,
"üçë","19 May 2025, 16:37","19 May 2025, 17:25","","Bulgarian Split Squat",,"",1,"normal",25,8,,,
"üçë","19 May 2025, 16:37","19 May 2025, 17:25","","Bulgarian Split Squat",,"",2,"normal",25,8,,,
"üçë","19 May 2025, 16:37","19 May 2025, 17:25","","Romanian Deadlift (Dumbbell)",,"",0,"normal",35,10,,,
"üçë","19 May 2025, 16:37","19 May 2025, 17:25","","Romanian Deadlift (Dumbbell)",,"",1,"normal",35,10,,,
"üçë","19 May 2025, 16:37","19 May 2025, 17:25","","Romanian Deadlift (Dumbbell)",,"",2,"normal",35,10,,,
"sisyphus fr","12 May 2025, 16:44","12 May 2025, 17:20","","Crunch (Weighted)",,"",0,"normal",25,8,,,
"sisyphus fr","12 May 2025, 16:44","12 May 2025, 17:20","","Crunch (Weighted)",,"",1,"normal",25,8,,,
"sisyphus fr","12 May 2025, 16:44","12 May 2025, 17:20","","Crunch (Weighted)",,"",2,"normal",25,8,,,
"sisyphus fr","12 May 2025, 16:44","12 May 2025, 17:20","","Side Bend (Dumbbell)",,"",0,"normal",35,10,,,
"sisyphus fr","12 May 2025, 16:44","12 May 2025, 17:20","","Side Bend (Dumbbell)",,"",1,"normal",35,10,,,
"sisyphus fr","12 May 2025, 16:44","12 May 2025, 17:20","","Bench Press (Dumbbell)",,"",0,"normal",40,8,,,
"sisyphus fr","12 May 2025, 16:44","12 May 2025, 17:20","","Bench Press (Dumbbell)",,"",1,"normal",40,8,,,
"sisyphus fr","12 May 2025, 16:44","12 May 2025, 17:20","","Bench Press (Dumbbell)",,"",2,"normal",40,8,,,
"sisyphus fr","12 May 2025, 16:44","12 May 2025, 17:20","","Skullcrusher (Dumbbell)",,"",0,"normal",22.5,8,,,
"sisyphus fr","12 May 2025, 16:44","12 May 2025, 17:20","","Skullcrusher (Dumbbell)",,"",1,"normal",22.5,8,,,
"sisyphus fr","12 May 2025, 16:44","12 May 2025, 17:20","","Skullcrusher (Dumbbell)",,"",2,"failure",22.5,10,,,
"sisyphus fr","12 May 2025, 16:44","12 May 2025, 17:20","","Lateral Raise (Dumbbell)",0,"",0,"normal",22.5,8,,,
"sisyphus fr","12 May 2025, 16:44","12 May 2025, 17:20","","Lateral Raise (Dumbbell)",0,"",1,"normal",22.5,8,,,
"sisyphus fr","12 May 2025, 16:44","12 May 2025, 17:20","","Lateral Raise (Dumbbell)",0,"",2,"normal",22.5,8,,,
"sisyphus fr","12 May 2025, 16:44","12 May 2025, 17:20","","Shrug (Dumbbell)",0,"",0,"normal",45,10,,,
"sisyphus fr","12 May 2025, 16:44","12 May 2025, 17:20","","Shrug (Dumbbell)",0,"",1,"normal",45,10,,,
"sisyphus fr","12 May 2025, 16:44","12 May 2025, 17:20","","Shrug (Dumbbell)",0,"",2,"normal",45,10,,,
"sisyphus fr","12 May 2025, 16:44","12 May 2025, 17:20","","Triceps Extension (Cable)",,"",0,"normal",15,8,,,
"sisyphus fr","12 May 2025, 16:44","12 May 2025, 17:20","","Triceps Extension (Cable)",,"",1,"normal",15,8,,,
"sisyphus fr","12 May 2025, 16:44","12 May 2025, 17:20","","Triceps Extension (Cable)",,"",2,"normal",15,8,,,
"sisyphus fr","12 May 2025, 16:44","12 May 2025, 17:20","","Cable Fly Crossovers",,"",0,"normal",25,8,,,
"sisyphus fr","12 May 2025, 16:44","12 May 2025, 17:20","","Cable Fly Crossovers",,"",1,"normal",25,8,,,
"sisyphus fr","12 May 2025, 16:44","12 May 2025, 17:20","","Cable Fly Crossovers",,"",2,"normal",25,8,,,
"ü¶æ","7 May 2025, 16:54","7 May 2025, 17:30","","Back Extension (Weighted Hyperextension)",,"",0,"normal",35,8,,,
"ü¶æ","7 May 2025, 16:54","7 May 2025, 17:30","","Back Extension (Weighted Hyperextension)",,"",1,"normal",35,8,,,
"ü¶æ","7 May 2025, 16:54","7 May 2025, 17:30","","Back Extension (Weighted Hyperextension)",,"",2,"normal",35,8,,,
"ü¶æ","7 May 2025, 16:54","7 May 2025, 17:30","","Bicep Curl (Dumbbell)",,"",0,"normal",30,8,,,
"ü¶æ","7 May 2025, 16:54","7 May 2025, 17:30","","Bicep Curl (Dumbbell)",,"",1,"normal",30,8,,,
"ü¶æ","7 May 2025, 16:54","7 May 2025, 17:30","","Bicep Curl (Dumbbell)",,"",2,"failure",30,9,,,
"ü¶æ","7 May 2025, 16:54","7 May 2025, 17:30","","Lat Pulldown (Cable)",,"",0,"normal",100,8,,,
"ü¶æ","7 May 2025, 16:54","7 May 2025, 17:30","","Lat Pulldown (Cable)",,"",1,"normal",100,8,,,
"ü¶æ","7 May 2025, 16:54","7 May 2025, 17:30","","Lat Pulldown (Cable)",,"",2,"normal",100,8,,,
"ü¶æ","7 May 2025, 16:54","7 May 2025, 17:30","","Seated Cable Row - V Grip (Cable)",,"",0,"normal",105,8,,,
"ü¶æ","7 May 2025, 16:54","7 May 2025, 17:30","","Seated Cable Row - V Grip (Cable)",,"",1,"normal",105,8,,,
"ü¶æ","7 May 2025, 16:54","7 May 2025, 17:30","","Seated Cable Row - V Grip (Cable)",,"",2,"normal",105,8,,,
"ü¶æ","7 May 2025, 16:54","7 May 2025, 17:30","","Face Pull",,"",0,"normal",57.5,8,,,
"ü¶æ","7 May 2025, 16:54","7 May 2025, 17:30","","Face Pull",,"",1,"normal",57.5,8,,,
"ü¶æ","7 May 2025, 16:54","7 May 2025, 17:30","","Face Pull",,"",2,"normal",57.5,8,,,
"ü¶æ","7 May 2025, 16:54","7 May 2025, 17:30","","Dumbbell Row",,"",0,"normal",35,8,,,
"ü¶æ","7 May 2025, 16:54","7 May 2025, 17:30","","Dumbbell Row",,"",1,"normal",35,8,,,
"ü¶æ","7 May 2025, 16:54","7 May 2025, 17:30","","Dumbbell Row",,"",2,"normal",35,8,,,
"ü¶æ","7 May 2025, 16:54","7 May 2025, 17:30","","Seated Incline Curl (Dumbbell)",,"15x12 drop",0,"normal",22.5,8,,,
"ü¶æ","7 May 2025, 16:54","7 May 2025, 17:30","","Seated Incline Curl (Dumbbell)",,"15x12 drop",1,"normal",22.5,8,,,
"ü¶æ","7 May 2025, 16:54","7 May 2025, 17:30","","Seated Incline Curl (Dumbbell)",,"15x12 drop",2,"dropset",22.5,8,,,
"sisyphus fr","6 May 2025, 17:33","6 May 2025, 18:06","","Side Bend (Dumbbell)",,"",0,"normal",35,10,,,
"sisyphus fr","6 May 2025, 17:33","6 May 2025, 18:06","","Side Bend (Dumbbell)",,"",1,"normal",35,10,,,
"sisyphus fr","6 May 2025, 17:33","6 May 2025, 18:06","","Crunch (Weighted)",,"",0,"normal",25,10,,,
"sisyphus fr","6 May 2025, 17:33","6 May 2025, 18:06","","Crunch (Weighted)",,"",1,"normal",25,10,,,
"sisyphus fr","6 May 2025, 17:33","6 May 2025, 18:06","","Crunch (Weighted)",,"",2,"normal",25,10,,,
"sisyphus fr","6 May 2025, 17:33","6 May 2025, 18:06","","Bench Press (Dumbbell)",,"40 next time",0,"normal",35,8,,,
"sisyphus fr","6 May 2025, 17:33","6 May 2025, 18:06","","Bench Press (Dumbbell)",,"40 next time",1,"normal",35,8,,,
"sisyphus fr","6 May 2025, 17:33","6 May 2025, 18:06","","Bench Press (Dumbbell)",,"40 next time",2,"normal",35,8,,,
"sisyphus fr","6 May 2025, 17:33","6 May 2025, 18:06","","Skullcrusher (Dumbbell)",,"",0,"normal",22.5,8,,,
"sisyphus fr","6 May 2025, 17:33","6 May 2025, 18:06","","Skullcrusher (Dumbbell)",,"",1,"normal",22.5,8,,,
"sisyphus fr","6 May 2025, 17:33","6 May 2025, 18:06","","Skullcrusher (Dumbbell)",,"",2,"failure",22.5,9,,,
"sisyphus fr","6 May 2025, 17:33","6 May 2025, 18:06","","Lateral Raise (Dumbbell)",0,"",0,"normal",22.5,8,,,
"sisyphus fr","6 May 2025, 17:33","6 May 2025, 18:06","","Lateral Raise (Dumbbell)",0,"",1,"normal",22.5,8,,,
"sisyphus fr","6 May 2025, 17:33","6 May 2025, 18:06","","Lateral Raise (Dumbbell)",0,"",2,"normal",22.5,8,,,
"sisyphus fr","6 May 2025, 17:33","6 May 2025, 18:06","","Shrug (Dumbbell)",0,"",0,"normal",45,10,,,
"sisyphus fr","6 May 2025, 17:33","6 May 2025, 18:06","","Shrug (Dumbbell)",0,"",1,"normal",45,10,,,
"sisyphus fr","6 May 2025, 17:33","6 May 2025, 18:06","","Shrug (Dumbbell)",0,"",2,"normal",45,10,,,
"sisyphus fr","6 May 2025, 17:33","6 May 2025, 18:06","","Triceps Extension (Cable)",,"",0,"normal",15,8,,,
"sisyphus fr","6 May 2025, 17:33","6 May 2025, 18:06","","Triceps Extension (Cable)",,"",1,"normal",15,8,,,
"sisyphus fr","6 May 2025, 17:33","6 May 2025, 18:06","","Triceps Extension (Cable)",,"",2,"dropset",15,8,,,
"sisyphus fr","6 May 2025, 17:33","6 May 2025, 18:06","","Cable Fly Crossovers",,"",0,"normal",25,8,,,
"sisyphus fr","6 May 2025, 17:33","6 May 2025, 18:06","","Cable Fly Crossovers",,"",1,"normal",25,8,,,
"sisyphus fr","6 May 2025, 17:33","6 May 2025, 18:06","","Cable Fly Crossovers",,"",2,"normal",25,6,,,
"ü¶æ","23 Apr 2025, 17:58","23 Apr 2025, 18:37","first time on this routine, could totally up the weight in one or two exercises but lots of potential!","Bicep Curl (Dumbbell)",,"you can do 30",0,"normal",25,8,,,
"ü¶æ","23 Apr 2025, 17:58","23 Apr 2025, 18:37","first time on this routine, could totally up the weight in one or two exercises but lots of potential!","Bicep Curl (Dumbbell)",,"you can do 30",1,"normal",25,8,,,
"ü¶æ","23 Apr 2025, 17:58","23 Apr 2025, 18:37","first time on this routine, could totally up the weight in one or two exercises but lots of potential!","Bicep Curl (Dumbbell)",,"you can do 30",2,"failure",25,17,,,
"ü¶æ","23 Apr 2025, 17:58","23 Apr 2025, 18:37","first time on this routine, could totally up the weight in one or two exercises but lots of potential!","Lat Pulldown (Cable)",,"",0,"normal",100,8,,,
"ü¶æ","23 Apr 2025, 17:58","23 Apr 2025, 18:37","first time on this routine, could totally up the weight in one or two exercises but lots of potential!","Lat Pulldown (Cable)",,"",1,"normal",100,8,,,
"ü¶æ","23 Apr 2025, 17:58","23 Apr 2025, 18:37","first time on this routine, could totally up the weight in one or two exercises but lots of potential!","Lat Pulldown (Cable)",,"",2,"normal",100,8,,,
"ü¶æ","23 Apr 2025, 17:58","23 Apr 2025, 18:37","first time on this routine, could totally up the weight in one or two exercises but lots of potential!","Seated Cable Row - V Grip (Cable)",,"",0,"normal",110,8,,,
"ü¶æ","23 Apr 2025, 17:58","23 Apr 2025, 18:37","first time on this routine, could totally up the weight in one or two exercises but lots of potential!","Seated Cable Row - V Grip (Cable)",,"",1,"normal",110,8,,,
"ü¶æ","23 Apr 2025, 17:58","23 Apr 2025, 18:37","first time on this routine, could totally up the weight in one or two exercises but lots of potential!","Seated Cable Row - V Grip (Cable)",,"",2,"normal",110,8,,,
"ü¶æ","23 Apr 2025, 17:58","23 Apr 2025, 18:37","first time on this routine, could totally up the weight in one or two exercises but lots of potential!","Straight Arm Lat Pulldown (Cable)",,"",0,"normal",50,8,,,
"ü¶æ","23 Apr 2025, 17:58","23 Apr 2025, 18:37","first time on this routine, could totally up the weight in one or two exercises but lots of potential!","Straight Arm Lat Pulldown (Cable)",,"",1,"normal",50,8,,,
"ü¶æ","23 Apr 2025, 17:58","23 Apr 2025, 18:37","first time on this routine, could totally up the weight in one or two exercises but lots of potential!","Straight Arm Lat Pulldown (Cable)",,"",2,"normal",50,8,,,
"ü¶æ","23 Apr 2025, 17:58","23 Apr 2025, 18:37","first time on this routine, could totally up the weight in one or two exercises but lots of potential!","Face Pull",,"",0,"normal",60,8,,,
"ü¶æ","23 Apr 2025, 17:58","23 Apr 2025, 18:37","first time on this routine, could totally up the weight in one or two exercises but lots of potential!","Face Pull",,"",1,"normal",60,8,,,
"ü¶æ","23 Apr 2025, 17:58","23 Apr 2025, 18:37","first time on this routine, could totally up the weight in one or two exercises but lots of potential!","Face Pull",,"",2,"normal",60,8,,,
"ü¶æ","23 Apr 2025, 17:58","23 Apr 2025, 18:37","first time on this routine, could totally up the weight in one or two exercises but lots of potential!","Dumbbell Row",,"",0,"normal",35,8,,,
"ü¶æ","23 Apr 2025, 17:58","23 Apr 2025, 18:37","first time on this routine, could totally up the weight in one or two exercises but lots of potential!","Dumbbell Row",,"",1,"normal",35,8,,,
"ü¶æ","23 Apr 2025, 17:58","23 Apr 2025, 18:37","first time on this routine, could totally up the weight in one or two exercises but lots of potential!","Dumbbell Row",,"",2,"normal",35,8,,,
"ü¶æ","23 Apr 2025, 17:58","23 Apr 2025, 18:37","first time on this routine, could totally up the weight in one or two exercises but lots of potential!","Seated Incline Curl (Dumbbell)",,"dropped to 15x8",0,"normal",22.5,8,,,
"ü¶æ","23 Apr 2025, 17:58","23 Apr 2025, 18:37","first time on this routine, could totally up the weight in one or two exercises but lots of potential!","Seated Incline Curl (Dumbbell)",,"dropped to 15x8",1,"normal",22.5,8,,,
"ü¶æ","23 Apr 2025, 17:58","23 Apr 2025, 18:37","first time on this routine, could totally up the weight in one or two exercises but lots of potential!","Seated Incline Curl (Dumbbell)",,"dropped to 15x8",2,"dropset",22.5,5,,,
"üçë","22 Apr 2025, 16:41","22 Apr 2025, 17:30","","Hip Thrust (Barbell)",,"",0,"normal",180,8,,,
"üçë","22 Apr 2025, 16:41","22 Apr 2025, 17:30","","Hip Thrust (Barbell)",,"",1,"normal",180,8,,,
"üçë","22 Apr 2025, 16:41","22 Apr 2025, 17:30","","Hip Thrust (Barbell)",,"",2,"normal",180,8,,,
"üçë","22 Apr 2025, 16:41","22 Apr 2025, 17:30","","Bulgarian Split Squat",,"",0,"normal",25,8,,,
"üçë","22 Apr 2025, 16:41","22 Apr 2025, 17:30","","Bulgarian Split Squat",,"",1,"normal",25,8,,,
"üçë","22 Apr 2025, 16:41","22 Apr 2025, 17:30","","Bulgarian Split Squat",,"",2,"normal",25,8,,,
"üçë","22 Apr 2025, 16:41","22 Apr 2025, 17:30","","Leg Press (Machine)",,"",0,"normal",180,8,,,
"üçë","22 Apr 2025, 16:41","22 Apr 2025, 17:30","","Leg Press (Machine)",,"",1,"normal",230,8,,,
"üçë","22 Apr 2025, 16:41","22 Apr 2025, 17:30","","Leg Press (Machine)",,"",2,"normal",230,8,,,
"üçë","22 Apr 2025, 16:41","22 Apr 2025, 17:30","","Leg Press (Machine)",,"",3,"normal",230,8,,,
"üçë","22 Apr 2025, 16:41","22 Apr 2025, 17:30","","Calf Press (Machine)",,"",0,"normal",360,10,,,
"üçë","22 Apr 2025, 16:41","22 Apr 2025, 17:30","","Calf Press (Machine)",,"",1,"normal",360,10,,,
"üçë","22 Apr 2025, 16:41","22 Apr 2025, 17:30","","Calf Press (Machine)",,"",2,"normal",360,10,,,
"üçë","22 Apr 2025, 16:41","22 Apr 2025, 17:30","","Seated Leg Curl (Machine)",,"",0,"normal",90,8,,,
"üçë","22 Apr 2025, 16:41","22 Apr 2025, 17:30","","Seated Leg Curl (Machine)",,"",1,"normal",90,8,,,
"üçë","22 Apr 2025, 16:41","22 Apr 2025, 17:30","","Seated Leg Curl (Machine)",,"",2,"normal",90,6,,,
"üçë","22 Apr 2025, 16:41","22 Apr 2025, 17:30","","Leg Extension (Machine)",,"skipped last",0,"normal",140,8,,,
"üçë","22 Apr 2025, 16:41","22 Apr 2025, 17:30","","Leg Extension (Machine)",,"skipped last",1,"normal",140,8,,,
"üçë","22 Apr 2025, 16:41","22 Apr 2025, 17:30","","Leg Extension (Machine)",,"skipped last",2,"normal",140,8,,,
"üçë","22 Apr 2025, 16:41","22 Apr 2025, 17:30","","Hip Adduction (Machine)",,"",0,"normal",90,10,,,
"üçë","22 Apr 2025, 16:41","22 Apr 2025, 17:30","","Hip Adduction (Machine)",,"",1,"normal",90,10,,,
"üçë","22 Apr 2025, 16:41","22 Apr 2025, 17:30","","Romanian Deadlift (Dumbbell)",,"",0,"normal",35,10,,,
"üçë","22 Apr 2025, 16:41","22 Apr 2025, 17:30","","Romanian Deadlift (Dumbbell)",,"",1,"normal",35,10,,,
"üçë","22 Apr 2025, 16:41","22 Apr 2025, 17:30","","Romanian Deadlift (Dumbbell)",,"",2,"normal",35,10,,,
"sisyphus fr","21 Apr 2025, 17:18","21 Apr 2025, 18:07","CRAZY new routine went hard","Side Bend (Dumbbell)",,"",0,"normal",35,10,,,
"sisyphus fr","21 Apr 2025, 17:18","21 Apr 2025, 18:07","CRAZY new routine went hard","Side Bend (Dumbbell)",,"",1,"normal",35,10,,,
"sisyphus fr","21 Apr 2025, 17:18","21 Apr 2025, 18:07","CRAZY new routine went hard","Back Extension (Weighted Hyperextension)",,"",0,"normal",35,10,,,
"sisyphus fr","21 Apr 2025, 17:18","21 Apr 2025, 18:07","CRAZY new routine went hard","Back Extension (Weighted Hyperextension)",,"",1,"normal",35,10,,,
"sisyphus fr","21 Apr 2025, 17:18","21 Apr 2025, 18:07","CRAZY new routine went hard","Crunch (Weighted)",,"",0,"normal",25,10,,,
"sisyphus fr","21 Apr 2025, 17:18","21 Apr 2025, 18:07","CRAZY new routine went hard","Crunch (Weighted)",,"",1,"normal",25,10,,,
"sisyphus fr","21 Apr 2025, 17:18","21 Apr 2025, 18:07","CRAZY new routine went hard","Bench Press (Barbell)",,"had to do right after fly‚Äôs maybe increase weight or reps to 115/8, prioritize full motion",0,"normal",95,6,,,
"sisyphus fr","21 Apr 2025, 17:18","21 Apr 2025, 18:07","CRAZY new routine went hard","Bench Press (Barbell)",,"had to do right after fly‚Äôs maybe increase weight or reps to 115/8, prioritize full motion",1,"normal",95,6,,,
"sisyphus fr","21 Apr 2025, 17:18","21 Apr 2025, 18:07","CRAZY new routine went hard","Bench Press (Barbell)",,"had to do right after fly‚Äôs maybe increase weight or reps to 115/8, prioritize full motion",2,"normal",95,6,,,
"sisyphus fr","21 Apr 2025, 17:18","21 Apr 2025, 18:07","CRAZY new routine went hard","Skullcrusher (Dumbbell)",,"22.5 next time?",0,"normal",20,8,,,
"sisyphus fr","21 Apr 2025, 17:18","21 Apr 2025, 18:07","CRAZY new routine went hard","Skullcrusher (Dumbbell)",,"22.5 next time?",1,"normal",20,8,,,
"sisyphus fr","21 Apr 2025, 17:18","21 Apr 2025, 18:07","CRAZY new routine went hard","Skullcrusher (Dumbbell)",,"22.5 next time?",2,"failure",20,14,,,
"sisyphus fr","21 Apr 2025, 17:18","21 Apr 2025, 18:07","CRAZY new routine went hard","Lateral Raise (Dumbbell)",0,"",0,"normal",22.5,8,,,
"sisyphus fr","21 Apr 2025, 17:18","21 Apr 2025, 18:07","CRAZY new routine went hard","Lateral Raise (Dumbbell)",0,"",1,"normal",22.5,8,,,
"sisyphus fr","21 Apr 2025, 17:18","21 Apr 2025, 18:07","CRAZY new routine went hard","Lateral Raise (Dumbbell)",0,"",2,"normal",22.5,8,,,
"sisyphus fr","21 Apr 2025, 17:18","21 Apr 2025, 18:07","CRAZY new routine went hard","Shrug (Dumbbell)",0,"",0,"normal",45,10,,,
"sisyphus fr","21 Apr 2025, 17:18","21 Apr 2025, 18:07","CRAZY new routine went hard","Shrug (Dumbbell)",0,"",1,"normal",45,10,,,
"sisyphus fr","21 Apr 2025, 17:18","21 Apr 2025, 18:07","CRAZY new routine went hard","Shrug (Dumbbell)",0,"",2,"normal",45,10,,,
"sisyphus fr","21 Apr 2025, 17:18","21 Apr 2025, 18:07","CRAZY new routine went hard","Single Arm Tricep Extension (Dumbbell)",,"maybe 25 next time drop to 17.5",0,"normal",17.5,8,,,
"sisyphus fr","21 Apr 2025, 17:18","21 Apr 2025, 18:07","CRAZY new routine went hard","Single Arm Tricep Extension (Dumbbell)",,"maybe 25 next time drop to 17.5",1,"normal",20,8,,,
"sisyphus fr","21 Apr 2025, 17:18","21 Apr 2025, 18:07","CRAZY new routine went hard","Single Arm Tricep Extension (Dumbbell)",,"maybe 25 next time drop to 17.5",2,"dropset",20,8,,,
"sisyphus fr","21 Apr 2025, 17:18","21 Apr 2025, 18:07","CRAZY new routine went hard","Cable Fly Crossovers",,"8+2 height, weight is each side",0,"normal",20,8,,,
"sisyphus fr","21 Apr 2025, 17:18","21 Apr 2025, 18:07","CRAZY new routine went hard","Cable Fly Crossovers",,"8+2 height, weight is each side",1,"normal",25,8,,,
"sisyphus fr","21 Apr 2025, 17:18","21 Apr 2025, 18:07","CRAZY new routine went hard","Cable Fly Crossovers",,"8+2 height, weight is each side",2,"normal",25,8,,,